ID_REF,x,y
138027.0,14.955013,2.5801384
179861.0,-2.1135492,-1.2539225
38092.0,3.3682196,-15.42215
89022.0,11.051494,-7.1194816
138035.0,3.3264556,-21.525793
38057.0,2.3047438,7.876093
89003.0,-3.244518,3.788875
38086.0,6.970658,5.260488
102536.0,21.343306,2.916501
53160.0,15.813212,-8.230996
152621.0,8.011665,-3.5073156
88971.0,-2.9654038,-3.6597273
152576.0,13.408555,2.5682943
102566.0,11.728871,-8.74234
76628.0,17.74081,-7.097089
46855.0,8.835582,6.2768
38091.0,4.631345,4.8565235
138014.0,14.827567,0.08676946
53095.0,18.121983,-5.3230815
46873.0,8.35529,14.113196
76486.0,19.809088,-3.9916503
152713.0,13.851627,-5.7505946
89000.0,15.226574,-6.6477747
46846.0,6.639134,2.1158276
117588.0,21.303162,-5.7084846
53159.0,16.596016,-7.3287725
203648.0,13.951705,7.387076
137896.0,12.832558,-5.920806
88980.0,4.2061496,-0.3454796
137898.0,5.4929185,-7.451227
46954.0,7.5589046,8.460684
179854.0,1.9000777,4.0700645
137988.0,-0.84211093,-2.0609608
102530.0,13.543809,0.070076525
152679.0,-5.482701,13.041608
76500.0,5.1509776,-9.319064
76604.0,-0.17946571,14.63137
46831.0,-9.885704,15.389212
89079.0,-11.746216,25.474056
53077.0,-7.8245454,38.676315
76601.0,3.419986,21.186459
152754.0,8.269219,-18.036827
53054.0,-0.095623486,17.239597
152634.0,8.982451,-18.347378
46910.0,-11.533568,13.251851
88974.0,0.06349363,18.192404
46853.0,-27.707832,15.637644
89097.0,-7.946113,16.14323
203635.0,-4.010332,11.738703
89012.0,2.2031078,33.285427
301695.0,-12.687312,30.677166
76511.0,-22.574215,26.717485
203708.0,17.039278,8.169116
38110.0,7.930537,5.8877325
46852.0,-27.964268,15.59858
277682.0,10.8115225,0.24032445
152605.0,12.342158,-0.7554466
231932.0,9.89746,-1.3315576
137937.0,14.728718,0.31176102
76603.0,12.521713,-8.085339
46849.0,10.321376,7.366877
102467.0,-29.978027,3.9748344
117759.0,12.50355,-3.831068
152781.0,12.82159,-2.2642295
76627.0,15.934996,-4.682193
203624.0,15.3351555,7.5132866
203628.0,8.276952,21.329657
88996.0,16.39099,9.743481
53078.0,18.186129,-2.8629804
89068.0,-2.8933144,-3.3096063
231884.0,8.452105,1.0468903
203658.0,14.266039,6.2527947
76566.0,6.555793,0.103837274
117580.0,13.904862,-3.395854
53052.0,22.088806,-3.624737
137925.0,15.598903,1.4700013
152618.0,7.095922,-3.4589274
102569.0,20.715204,1.9913065
179837.0,-5.790172,3.0799735
53035.0,5.4809694,-11.389105
152691.0,12.674984,-0.07391404
301663.0,-6.7678795,-0.30319086
46891.0,-11.062477,4.697987
102441.0,-1.156086,-5.472856
88991.0,-0.7649281,5.1952524
46830.0,-21.050863,31.11776
152657.0,-2.0164542,30.343012
89093.0,-6.22472,-4.633916
76489.0,2.6931999,22.868963
102483.0,11.735627,20.037994
203626.0,-18.310083,26.067915
53186.0,6.249029,18.151281
53118.0,20.154196,10.39725
152672.0,6.2036743,-3.5059016
53185.0,2.1425967,18.23974
137983.0,-2.1396232,24.094744
38064.0,-8.117516,13.165863
76533.0,-8.440952,38.291065
102445.0,-2.1891217,20.821165
231947.0,-5.4993815,32.745
203637.0,8.215245,21.653315
46911.0,-21.08736,33.793083
76514.0,19.480003,-2.4620593
76545.0,-1.5180303,-7.1689687
46885.0,6.656199,7.566325
138028.0,3.7185452,-22.54267
117687.0,14.535129,-2.2991164
46880.0,6.881305,9.646586
203701.0,9.870731,-2.1340833
46859.0,2.9792395,7.3711886
117685.0,-1.6862472,-5.131001
152782.0,4.7735496,1.0516884
46874.0,5.7364793,10.803402
88969.0,16.2725,-1.3988693
89014.0,10.78828,-7.3905067
38063.0,-8.662552,2.6083179
117695.0,22.537674,-0.66489613
38083.0,8.863169,5.785283
76497.0,19.10342,-5.730968
117581.0,-6.59152,2.2878237
53096.0,18.948896,-7.0536585
203726.0,25.424265,-31.26431
203669.0,9.762215,-2.944043
137984.0,2.4917705,0.5040065
46974.0,-10.727854,5.260688
152768.0,0.61295044,0.5911076
152729.0,11.514471,-2.8811278
179919.0,1.494779,-10.439211
179902.0,-4.3957114,3.6262832
152761.0,-8.274788,6.3453355
152590.0,11.558344,-11.224842
46933.0,-12.289933,4.613345
179950.0,18.409487,-0.79820925
152678.0,11.623324,-2.8137276
102506.0,-5.512688,0.49944556
152706.0,-1.4612771,19.778683
152683.0,-5.0184064,12.850011
152668.0,-10.742289,23.011404
231882.0,-14.800518,23.505947
152596.0,-4.419283,24.522608
53098.0,15.124388,-11.35184
179866.0,-19.63532,-15.456765
152746.0,-4.9625015,17.3009
53036.0,-6.0074606,-4.199829
231937.0,-17.01212,-8.640679
152749.0,-1.6741767,29.936666
179878.0,-6.544764,16.849812
102478.0,-9.427835,29.465628
89081.0,-0.96536666,18.211887
89082.0,-9.549828,38.526993
203638.0,-35.52519,-5.449145
152603.0,-9.90736,30.57191
53128.0,19.277243,-3.5539515
89010.0,17.331245,4.15982
152776.0,17.327305,2.7842455
76582.0,18.73376,-1.9862987
117730.0,-2.0622673,1.2833854
102571.0,13.548589,0.6067799
203639.0,15.834499,7.6307855
46827.0,6.7465568,7.2825665
76556.0,-3.9329581,4.617033
152661.0,9.887682,2.578978
231892.0,-2.0751488,-3.8145328
89023.0,-35.63998,2.3193583
301653.0,-5.5814943,-1.4276061
137936.0,-1.1260208,3.2660766
179835.0,-2.1448555,-6.895252
38080.0,-12.199836,-3.4533818
88960.0,3.514851,-0.0018597636
102439.0,-6.3233466,0.08136674
89055.0,12.800991,-8.014815
53115.0,-4.4035897,2.4874074
152620.0,21.202164,4.9567213
89021.0,16.892405,-6.075354
179863.0,11.958165,3.4992428
76564.0,17.44724,-6.1423373
46816.0,5.7413673,10.179903
231917.0,18.597317,9.966985
102440.0,21.043467,-0.69538236
76563.0,18.869656,-27.506205
138054.0,13.948728,-0.92228204
88988.0,18.833633,-3.1946921
46908.0,-27.54546,16.188633
88990.0,17.05673,-1.5214674
152645.0,15.062839,-1.0823741
231992.0,9.72933,-1.7920837
231924.0,3.3122828,25.93825
117716.0,9.189077,-18.443571
117668.0,4.503061,-5.5714197
277709.0,-5.936047,17.518568
76504.0,1.7509173,24.195614
179799.0,-12.379539,17.24958
301675.0,-14.965443,35.331917
76509.0,-26.586142,-8.603728
46950.0,-20.285267,20.488155
46821.0,-27.99168,14.792805
152724.0,-2.713686,23.438381
301708.0,-17.77909,-11.926005
203766.0,-16.493687,34.043217
76567.0,2.25852,33.29914
38088.0,-7.514761,11.863763
203686.0,-16.725763,30.072369
152639.0,-19.06916,16.598982
102499.0,22.25052,3.7992713
117578.0,-1.1163971,-3.6665874
38109.0,2.700724,8.358556
46820.0,8.155744,10.236556
89102.0,18.355173,0.31616813
231918.0,-3.897543,3.5969863
38090.0,8.581241,5.2995987
102545.0,11.40516,-11.084536
152699.0,12.710288,1.4072618
38099.0,-36.32084,-1.5692853
76491.0,18.019615,-2.8411393
102573.0,-0.3983674,0.9459718
88979.0,16.295437,-5.795387
53091.0,9.398425,4.905117
152766.0,15.787914,3.9574156
76586.0,15.0559845,-5.107135
46968.0,-9.617917,3.1695929
53089.0,15.478262,-7.812351
179933.0,13.614892,4.3624625
76528.0,11.400954,-6.802421
102567.0,20.823824,1.7224802
53086.0,14.32902,-6.631398
179806.0,10.506727,1.8377905
138031.0,3.9814987,-21.771935
117675.0,21.991,1.8130144
46958.0,17.044224,-8.069662
277693.0,10.067515,-3.3466387
46870.0,10.785514,9.406154
301688.0,9.422835,-0.9049914
53099.0,3.8397906,-2.9250157
102576.0,7.6229486,-5.858275
46905.0,5.9315248,7.2620583
102580.0,7.6781073,-4.047617
179798.0,-2.7045455,26.626959
89057.0,4.430846,-5.379869
203744.0,-5.8120656,22.794306
88992.0,-11.41092,35.00807
203706.0,-4.1932454,13.327884
152581.0,-3.9378395,20.369272
179807.0,-8.754231,20.797894
102552.0,-19.588547,-15.777534
179787.0,-18.39907,24.101116
152709.0,-18.311745,-7.043563
301676.0,-17.808165,-12.077868
301681.0,-12.012693,21.663902
46886.0,-24.979488,5.2622433
46898.0,8.352004,14.111678
203718.0,-3.8518834,16.064877
152646.0,8.02935,-17.93766
53150.0,-1.214013,16.935547
152735.0,6.5719385,-11.000479
152722.0,-23.56471,30.150707
152747.0,-4.7285852,16.955513
53130.0,-38.29168,-1.4043442
179896.0,10.284961,2.2357495
117661.0,-1.4116015,4.287928
203784.0,18.474989,10.051463
46959.0,9.194342,9.124262
137987.0,23.280294,-0.683938
117719.0,13.4487295,-4.84747
137943.0,4.3285146,-21.975264
88986.0,12.413768,5.9320188
117585.0,23.93403,1.207127
53134.0,17.012096,-4.989456
152803.0,12.853315,-7.21068
117758.0,-2.0330245,1.3622272
76637.0,13.869443,-7.682279
53108.0,15.065739,-4.356765
137994.0,14.640639,0.9445623
89071.0,19.382452,-1.7023525
76495.0,18.035084,-3.4234664
137924.0,-0.05047333,-5.867028
137989.0,-4.534611,-1.177264
53133.0,21.018032,-2.1381238
46953.0,5.5059524,8.896534
102534.0,16.338558,-36.007183
137939.0,11.931141,0.2873041
152564.0,-1.7885427,5.4493666
102525.0,-3.5207968,6.0305486
203752.0,8.749351,-4.5185513
117659.0,12.401776,3.205272
231976.0,16.002705,-2.9267826
179957.0,10.558288,1.5011075
179946.0,15.137172,5.57003
76493.0,20.752731,-4.6960287
76560.0,21.583052,-1.7233711
89008.0,-3.7438421,-2.9079406
137904.0,-4.624898,19.481321
76623.0,6.3619986,18.147772
231913.0,-1.7773697,28.760092
53100.0,-2.0272791,15.807452
46840.0,-29.888203,16.237314
152733.0,-6.1660566,29.420067
301699.0,-8.611584,18.177572
53173.0,-0.18336815,16.59704
231974.0,-8.166674,18.914701
203661.0,-7.623904,-6.878228
46948.0,-29.209707,16.338701
179850.0,-1.7187053,26.701738
89070.0,-7.8737974,15.824015
179890.0,-6.796487,16.583004
89024.0,-6.947624,15.85775
203795.0,-3.917143,14.245006
301677.0,-18.19491,31.829094
137917.0,-18.98379,-16.07082
152693.0,-4.6914144,22.756521
76633.0,7.163595,24.686409
53080.0,15.190035,-9.211845
102482.0,22.37189,0.84397125
46863.0,8.09712,4.8965535
179780.0,7.583698,32.410152
53094.0,-2.8248324,33.806797
231887.0,-5.0382633,4.7493634
152571.0,14.122391,-1.2820926
179885.0,-7.381375,-1.8811246
203792.0,-8.59418,-4.8416705
137895.0,15.462654,-0.046460066
46871.0,8.53673,10.180533
46890.0,6.4853206,9.183282
102526.0,3.3711653,-15.41863
53123.0,22.46498,-2.8212993
137963.0,13.890066,-2.3577683
76521.0,11.457194,-6.2765393
46947.0,-10.376028,3.6646752
138049.0,15.507814,2.1269753
76593.0,0.32558024,-3.1589553
152570.0,7.291411,-27.386026
46862.0,5.3152986,3.8371053
89019.0,-2.2731824,-2.6703832
102523.0,17.544518,2.1602964
117686.0,21.916672,4.4828873
137953.0,13.742828,0.8052331
53107.0,1.0094528,-3.46032
138041.0,14.636379,4.159602
53102.0,14.737491,-6.998127
88985.0,-2.0867295,-2.3265562
277685.0,-2.1423821,-0.7308379
76517.0,17.690119,-5.706514
38062.0,3.4824204,6.1281652
89077.0,6.0941305,-6.616794
117718.0,-3.0770605,9.607041
152676.0,-9.47514,21.354845
89020.0,-7.5880427,24.011395
88956.0,-25.462946,-12.240659
53105.0,-32.7504,8.591523
53180.0,16.3295,-11.5492115
179808.0,-6.0701094,15.607721
152700.0,-20.653896,-16.737757
231930.0,9.89814,21.534883
53029.0,-8.645693,37.60741
152662.0,-3.8892143,18.353033
152721.0,-36.479103,-10.655425
231931.0,-8.673314,17.602018
152752.0,-6.691511,25.058434
53165.0,-4.9877043,31.0724
203781.0,-5.6980457,21.898487
179836.0,-2.1919484,22.474249
231980.0,-2.9819274,30.562752
38106.0,8.82161,8.261435
231886.0,-5.3177214,5.1909556
53027.0,19.224873,9.249842
46893.0,4.7770905,9.478391
102583.0,11.148956,-10.835818
89009.0,19.831493,-0.23426487
46869.0,8.701635,5.4313126
203690.0,15.537011,8.641011
152680.0,18.886702,3.774538
46938.0,-11.158255,-2.1196003
53033.0,-7.4575915,4.056904
38081.0,2.1617138,8.4018545
277734.0,18.019773,6.3742023
89018.0,21.025763,0.9662416
76552.0,19.26111,-5.63635
102502.0,24.355255,1.4096358
117766.0,21.896862,1.692596
53131.0,18.901577,-8.588793
46955.0,8.883699,9.224667
117745.0,-0.9480603,3.7240644
179829.0,-19.442205,-1.4077113
231902.0,-22.326727,-11.606818
137950.0,3.4946864,-21.273949
277688.0,16.962658,5.1775723
117660.0,19.177889,1.5170599
102487.0,19.638647,1.4195782
138011.0,-15.757461,19.212845
137978.0,13.548243,-3.1439495
138051.0,5.563156,-6.8982744
46894.0,7.5830145,8.87167
53161.0,15.784458,-8.457986
89016.0,-2.6985247,4.02124
203693.0,10.420796,-1.5438675
102546.0,-3.7076578,23.988194
137957.0,-9.447459,32.613743
231981.0,-11.449916,38.3669
53063.0,-6.1998515,36.69501
117696.0,2.7994292,16.174068
301711.0,4.0666504,25.327595
231975.0,-2.57012,13.087917
301660.0,-28.469309,-18.696972
53068.0,-11.602907,27.31984
137905.0,-3.956289,17.27404
89025.0,2.6201308,18.250786
88973.0,1.2844343,21.844011
137965.0,-26.140398,-11.630718
117670.0,-2.6922803,30.42043
76554.0,2.2578485,33.298824
53124.0,5.8418736,18.948038
53104.0,7.878894,-22.278269
89001.0,-31.808414,-6.9014473
117584.0,14.887471,-2.8802996
277707.0,10.481329,-3.8989432
76619.0,15.875132,-18.282345
152707.0,17.030369,0.91381216
46900.0,-28.726118,15.097723
76492.0,17.411089,-3.9077275
152585.0,17.331188,-0.26711375
88970.0,23.353672,-2.1951106
203759.0,16.539371,6.8173103
102564.0,2.5535421,-0.5011824
179862.0,11.127128,3.3225355
46836.0,6.2783566,7.461832
179886.0,-7.7936645,0.80792385
117639.0,3.4348893,-8.83931
89011.0,-3.8230393,1.0505072
152698.0,-15.678078,17.522667
46934.0,6.1675544,4.1413293
102563.0,15.147521,-6.979396
89005.0,18.229805,-1.5385821
46883.0,7.8636966,3.6457875
53110.0,11.626661,-9.984713
53031.0,10.528134,-7.9698634
152615.0,12.235772,-1.1176465
102468.0,19.08055,2.393049
179892.0,12.503354,5.240307
53032.0,10.134725,-7.670214
152685.0,19.826477,5.701854
179791.0,11.568368,-0.6699722
179841.0,-7.827056,2.466605
102544.0,22.707588,1.9422683
301686.0,-2.2330847,-8.448765
38082.0,8.575351,4.114521
46952.0,-11.054367,4.4538765
179932.0,0.68753225,2.3877137
53069.0,-3.4602532,-16.30881
152792.0,14.91325,-11.624126
46897.0,-20.898897,33.879993
53184.0,-8.257066,36.722496
152599.0,-13.683998,37.105843
277733.0,-9.665524,17.149944
76581.0,-0.16586189,24.546825
152653.0,-6.409146,-9.27477
53066.0,2.6906822,16.138414
231935.0,-6.4827127,19.868681
117744.0,-3.473983,12.06352
203725.0,-1.6832409,28.755749
231965.0,-20.694723,37.700005
152688.0,-4.4719152,24.432552
152795.0,-9.99225,20.667114
203709.0,-13.916989,21.413595
53151.0,-0.29730713,26.999598
231960.0,-8.487456,17.260607
53056.0,6.9576993,-27.324757
179898.0,8.932474,-4.1124578
152569.0,16.10302,-9.085995
46962.0,8.942421,8.698588
38059.0,-9.743752,-0.4028
38054.0,5.0677323,5.254906
38051.0,9.699882,5.6484094
301664.0,-2.458678,-1.156109
89006.0,-1.4619123,4.577566
152711.0,12.294798,5.579782
117777.0,19.659582,0.02986686
53028.0,-3.9659586,-4.161038
137944.0,4.398578,-21.46262
76592.0,12.952376,-8.432147
117692.0,-5.3357644,1.5419621
76561.0,21.980177,-2.69881
38102.0,3.506299,6.443069
137991.0,-0.9896882,-3.5024939
137900.0,14.21863,4.231662
137903.0,4.8885894,-0.43892238
301657.0,13.087123,-1.0018667
152759.0,15.988634,1.4380726
152616.0,16.881111,0.7579051
117761.0,4.9715595,-6.4503055
53147.0,9.166769,-27.172302
53034.0,7.1743493,-23.127935
53059.0,19.189201,9.246201
152627.0,-4.713272,-1.6384221
89015.0,17.60138,-1.2972888
53109.0,7.111303,-22.97397
277679.0,0.51323766,0.26816064
38094.0,9.10213,7.5217648
231919.0,16.704754,-3.454358
179813.0,-4.8369985,18.467436
301704.0,-10.834306,17.581738
46918.0,-10.715252,12.218953
89036.0,-32.21295,-6.877586
152769.0,-5.552705,14.9803915
76596.0,-2.0021024,17.146471
53163.0,2.1682162,14.629246
102557.0,-8.914882,30.357471
179823.0,-1.507302,27.055086
152659.0,-4.733287,24.844547
152577.0,-1.5089172,31.548191
301673.0,-8.294132,23.282175
76510.0,2.7281082,22.416403
53121.0,-17.599867,-1.5520957
179822.0,-8.434669,14.156709
89091.0,11.472663,19.090134
301696.0,-8.320597,21.794384
46966.0,-6.7785206,9.909255
152654.0,-8.201445,21.601385
203679.0,25.35111,-28.570768
76558.0,18.807718,-33.50345
203712.0,21.865662,-39.121048
102522.0,15.011335,-29.272009
137948.0,18.99858,-30.027594
152677.0,17.209541,-26.118654
231878.0,27.260431,-29.793873
89064.0,17.100801,-34.59998
137928.0,19.89677,-26.586554
277718.0,26.25736,-30.562872
138030.0,6.964501,-24.038551
152801.0,34.99294,-23.766428
76591.0,18.694584,-27.733467
53064.0,19.815798,-28.917412
53079.0,19.868147,-27.850279
138017.0,16.320303,-26.398283
53062.0,18.726036,-39.0773
137973.0,34.46793,-23.159248
152701.0,22.623505,-29.612177
203748.0,35.587437,-25.730253
76518.0,18.239325,-27.760555
277735.0,36.26871,-24.95659
138034.0,17.78867,-31.761223
231900.0,23.5595,-26.400276
89052.0,-32.52945,1.1305726
203667.0,-39.506752,-4.703279
38061.0,5.0554223,5.1292553
38078.0,7.35196,4.3633604
152725.0,-31.022264,-10.982719
102568.0,-23.349749,-12.827173
117681.0,-30.243916,-0.15957437
46865.0,-19.557705,1.9363952
277689.0,-34.784874,-5.022761
76520.0,-25.89659,0.075831376
76611.0,-25.569183,-1.2263067
138044.0,-28.423794,-7.7625318
152613.0,-18.353792,-5.3874636
179924.0,-21.552177,-3.5265212
117676.0,-27.660097,-10.0765
152714.0,-23.232464,-12.669259
117720.0,-33.7634,-8.841517
179778.0,-18.700321,-6.6623244
203691.0,-34.220295,-3.3362687
138048.0,-29.901506,1.0136033
179948.0,-40.191788,-5.9035244
102524.0,-23.160278,-13.976697
76524.0,-25.128956,-7.215308
117728.0,-23.913593,-13.1376915
38107.0,-21.607386,-13.29727
53146.0,7.0741553,-9.762326
179795.0,-28.542221,-3.6336703
102472.0,-29.38368,-9.521058
102574.0,-23.057718,-17.605026
231963.0,24.432184,-26.548086
231925.0,27.2201,-29.018454
203665.0,18.135435,-22.553133
231967.0,35.99783,-25.576246
46929.0,32.47106,-27.544674
137941.0,11.47387,-10.689696
179910.0,24.0764,-28.117643
89063.0,24.546183,-34.347557
76503.0,20.121313,-38.157433
138025.0,15.359192,-24.740238
102542.0,16.958162,-29.210278
203694.0,22.824226,-27.597353
102477.0,22.234396,-31.842272
53081.0,19.143171,-28.230478
138016.0,37.093513,-15.5138645
46892.0,30.807995,-29.658255
138006.0,16.260937,-32.6909
89086.0,24.63884,-34.38921
137977.0,37.059948,-15.32472
89067.0,23.025234,-34.04776
231877.0,23.854303,-26.06861
179828.0,23.917719,-31.342255
117711.0,35.21019,-24.298923
301697.0,12.893781,-25.00905
89099.0,33.742996,-23.655666
203728.0,-20.725874,-2.4380312
102561.0,-30.202301,2.1827347
179868.0,36.906883,22.806488
102559.0,-28.900345,-8.581247
179937.0,-22.70226,-5.5965824
301656.0,-28.420244,2.2085178
117775.0,-22.345318,-9.72574
89075.0,-30.292046,-7.5989237
46921.0,-22.13409,2.9913008
76608.0,-31.106329,2.0231197
137997.0,6.288637,-23.681278
203723.0,-29.83228,-4.662504
117672.0,-30.447569,-11.620421
38075.0,-22.397493,2.1394396
179887.0,-25.360064,-3.8393111
46823.0,-11.296845,10.165443
138005.0,2.1572914,-9.178354
53135.0,1.5105605,-20.95888
138050.0,-37.87699,-8.331156
46930.0,-19.244785,2.5299516
117656.0,-35.780952,-10.285961
179930.0,-22.245867,-3.8785014
53051.0,-38.275383,-1.4365814
76522.0,-27.19096,-12.407436
88945.0,-29.784939,-13.35319
231875.0,-20.684755,-11.894084
102521.0,-19.413404,-8.785487
231956.0,-27.132826,2.2631614
53154.0,19.720604,-37.786816
117644.0,17.568819,-29.293089
231916.0,15.169912,-37.223217
102520.0,38.138733,-13.964588
231903.0,14.8540745,-38.185745
203741.0,20.910896,-25.67351
203754.0,34.87025,-25.76207
137992.0,16.720839,-31.85572
152650.0,13.219559,-16.140947
231910.0,21.187555,-25.080242
203771.0,23.4031,-27.436218
89058.0,20.312687,-32.622753
152687.0,21.518427,-30.882061
203801.0,27.566853,-31.267113
152728.0,8.2606125,-26.227564
102562.0,16.436815,-27.178299
179935.0,12.937534,-15.628134
76570.0,17.717358,-33.002213
88964.0,15.195965,-35.48864
46875.0,30.393396,-30.02317
179832.0,38.68335,-14.176323
76543.0,20.153364,-37.539066
76606.0,19.268974,-25.981403
117721.0,19.668549,-33.790356
277684.0,36.725483,-24.204828
152606.0,34.715786,-24.042797
89090.0,-30.01456,-6.8519115
102551.0,-30.086826,-0.42421773
231964.0,-20.698751,37.699314
89053.0,-29.324238,-2.6980727
179831.0,-21.731998,-14.0706005
53073.0,-23.571478,-8.459281
46940.0,-20.595322,4.226278
102501.0,-28.883528,-11.252679
231939.0,16.38777,-16.684118
88968.0,-29.417828,-6.778248
88963.0,-27.446106,-7.180116
76639.0,2.1639936,-10.81944
152780.0,-34.773502,-7.076343
89061.0,-29.406271,-5.859543
117752.0,-25.143196,-13.96998
277680.0,-27.81168,2.6292
76576.0,-23.785904,-8.775964
53045.0,-26.24078,-13.493022
152692.0,-29.68887,-9.621651
102436.0,0.9814871,-9.547674
76530.0,-31.802216,2.0361147
138015.0,5.7534842,-8.569929
179889.0,-34.193733,-4.8962846
102513.0,-30.620605,-4.1209083
137998.0,-31.75404,-12.136382
179908.0,-23.00646,-2.8875368
89069.0,-27.933214,-6.432201
102533.0,-27.196619,-11.140465
203755.0,-28.085707,1.6015385
203696.0,34.699074,-25.839571
179846.0,34.950085,-24.767673
46964.0,30.724676,-33.735466
203668.0,38.093876,-16.003588
203727.0,25.292925,-31.110466
88989.0,27.279789,-30.252642
102463.0,14.557896,-32.943035
179929.0,37.209652,-17.78691
117653.0,17.464346,-29.73171
152727.0,14.020402,-33.498535
137995.0,19.12147,-31.233631
117743.0,15.405445,-31.35386
231912.0,21.683624,-37.32403
301668.0,24.297043,-36.06039
117658.0,19.863506,-32.71213
179847.0,18.65276,-39.503975
46881.0,29.709099,-32.575615
179797.0,22.3507,-38.682243
137946.0,37.164566,-15.354882
53122.0,35.688927,-26.575808
179955.0,18.406567,-23.053982
138020.0,20.03007,-31.404947
53127.0,19.07187,-38.462326
152704.0,21.555624,-28.675362
117694.0,21.975304,-34.464176
46895.0,-20.862608,-13.291822
76618.0,-30.780493,-2.9919207
138052.0,-31.44473,0.24194923
203627.0,-22.340157,-12.8618145
152591.0,-30.891724,0.15140274
102579.0,-31.778242,2.4185429
76519.0,-31.865139,-5.7793536
203688.0,-23.30766,-3.3192239
117738.0,-21.93072,-12.805868
117662.0,-31.14483,-8.709636
137972.0,-24.736338,-17.026342
53169.0,-38.066746,-6.550923
89049.0,-26.976908,-7.351862
76629.0,-25.62148,-10.11308
102429.0,-26.27602,-6.3163238
152684.0,-20.822641,-5.7759547
152720.0,-30.045435,2.9318554
102519.0,-28.356853,-9.983399
46956.0,-19.80845,1.8038025
231988.0,-26.608477,2.3176956
88994.0,-27.359268,-7.8590508
179803.0,-20.24348,-2.8949683
46864.0,-22.575806,4.7676997
46861.0,-21.445242,0.023175364
203800.0,-28.418488,-5.298735
102581.0,-20.605602,-7.0636363
203702.0,-19.59356,-4.4682918
137947.0,-28.879896,-7.536973
231933.0,22.8323,-23.532171
152770.0,22.964514,-38.95805
179819.0,25.705631,-29.27211
231969.0,25.077454,-26.181864
46944.0,29.006292,-33.63899
138045.0,17.06178,-26.369148
117751.0,20.040485,-30.371954
231986.0,27.757496,-29.270872
137954.0,16.587263,-35.973557
102443.0,6.9288607,-27.337835
53060.0,13.646367,-27.0822
301661.0,38.642815,-15.205809
117749.0,15.58947,-24.747068
46882.0,-14.784183,3.039543
203783.0,38.033604,-16.15064
152774.0,34.631065,-25.196829
203790.0,20.197603,-24.078846
179904.0,25.272888,-29.583546
137986.0,18.33904,-30.414782
203662.0,20.12065,-34.822475
89066.0,17.603271,-38.91223
179842.0,15.206573,-33.586964
102433.0,15.770958,-28.043827
53057.0,8.760071,-25.641783
102459.0,16.710363,-30.278
46858.0,30.056349,-30.538658
76512.0,-26.166601,-15.846234
231961.0,-34.9816,-0.5550024
231905.0,-26.380505,0.32218388
89103.0,-24.456892,-7.4233303
102497.0,-21.971785,-9.250786
137922.0,-25.551548,-13.991698
203657.0,-35.636974,-4.1816235
117673.0,-27.438335,-7.1089425
102550.0,-15.259929,2.2043328
46841.0,-23.210855,2.6945856
89062.0,-29.707895,-6.0117087
138036.0,-29.605055,-18.554464
76501.0,-32.718445,-4.843886
53126.0,2.2631438,-11.214349
117746.0,-29.410585,-1.5348607
231955.0,9.024665,-11.082154
152632.0,-22.513498,-13.625735
137967.0,-30.017616,0.4057385
89040.0,-33.020905,-15.4835415
301706.0,-37.284687,-4.456941
179899.0,-33.41447,-6.274304
277728.0,-34.3488,-1.3853137
152658.0,-32.246067,-9.903464
53055.0,-25.193579,-10.324993
179816.0,-18.690075,20.554314
179805.0,-26.97453,1.357944
102428.0,16.854445,-27.548668
102464.0,15.198347,-30.539633
46965.0,30.077217,-34.124348
76515.0,18.473753,-26.548843
117725.0,18.884064,-14.433127
231898.0,26.433325,-27.29629
301682.0,26.105635,-25.71186
88995.0,20.962162,-29.787275
76568.0,18.239525,-27.732176
138019.0,16.092764,-32.17094
53171.0,19.999659,-36.07661
152705.0,24.578999,-35.85757
76580.0,12.60569,-9.548593
117715.0,20.379074,-30.66312
117753.0,38.149128,-14.004939
203765.0,22.229584,-38.522785
53136.0,23.072706,-32.727676
152798.0,18.440584,-34.91258
152763.0,22.237425,-31.274378
231984.0,23.03317,-27.158987
277700.0,18.620995,-21.776096
53092.0,32.832687,-23.737837
179789.0,33.73398,-25.365705
179883.0,34.833565,-26.375101
117742.0,-23.563805,-13.584485
117678.0,-29.240164,-0.33859906
179804.0,-35.134995,-8.62159
76573.0,-24.476337,-9.95477
102516.0,-21.468334,-8.093623
89026.0,-34.011333,-4.400467
46899.0,-29.484264,14.040377
231915.0,-38.768963,-5.6105075
76607.0,-28.046066,-2.1808724
179925.0,-23.362741,-6.1400604
76610.0,-6.4464574,-6.515614
89004.0,-30.35792,-5.117464
179922.0,-21.58338,-3.545633
203743.0,-23.189548,-3.4845855
53153.0,-24.777555,-10.768392
89037.0,-29.812634,-13.43588
138037.0,-28.96285,-18.716255
152730.0,-19.204567,-6.317221
231958.0,-33.102207,-2.8921251
179860.0,-36.6331,-6.2615795
38105.0,-32.364994,-2.6655242
152582.0,-21.740993,-7.9413223
117642.0,-28.178944,-8.476293
203724.0,9.611622,-11.153524
179928.0,-21.760078,-2.7107158
231908.0,10.480717,-11.206794
53047.0,-25.640865,0.384692
179838.0,-36.226475,-6.4325433
102540.0,-29.360533,0.43009418
203634.0,26.336115,-28.233135
117706.0,35.296825,-23.39388
179931.0,17.548431,-20.66023
138008.0,36.997253,-15.9526415
102438.0,24.436945,-34.47967
46826.0,39.137875,-14.793053
76551.0,18.073555,-26.082159
46847.0,34.23835,-24.830854
231889.0,24.294994,-24.876553
203789.0,33.94833,-23.674435
203729.0,16.175928,-22.553299
179938.0,23.260538,-29.083843
102456.0,15.881563,-29.418638
203746.0,-1.2920461,-10.176447
76602.0,19.129374,-25.443596
152593.0,36.887638,-15.263908
179821.0,25.750305,-28.969805
137934.0,26.201332,-37.365284
152740.0,24.042595,-38.346527
179834.0,22.874043,-30.391584
102529.0,20.859928,-33.394062
102471.0,14.267427,-29.760843
76538.0,12.465609,-28.676815
46957.0,29.838655,-32.68126
138033.0,7.2466364,-24.47043
102575.0,17.609253,-37.359062
53178.0,-23.946255,-11.051039
53070.0,-27.10933,-1.6961609
138042.0,-26.971327,-5.1277857
152638.0,-11.904305,19.431591
53113.0,-25.176529,-10.1405735
137949.0,2.5066538,-22.135317
138018.0,-29.098038,-7.6568775
38089.0,-23.173555,1.6611861
203674.0,-1.6999148,29.026407
179839.0,-37.76252,-4.275725
152695.0,-37.42789,-9.85374
203640.0,-36.09447,-5.166947
179888.0,-30.521221,-1.2039205
76555.0,-28.027264,-12.872223
152664.0,-33.835133,-11.051937
137993.0,2.885195,-21.91981
152610.0,-18.917858,-4.907481
46832.0,-29.56366,13.994257
53148.0,-31.777729,-4.508253
38055.0,-21.41196,-0.3570671
117635.0,-33.763046,-9.193708
152762.0,-30.876904,-12.090835
102460.0,-27.427862,-8.491481
231879.0,-38.736324,-5.5513816
117709.0,-28.995262,-1.0105354
76583.0,-30.493954,-3.0235405
76490.0,1.4731666,17.5598
76617.0,-24.320944,-7.6170554
231880.0,24.538439,-25.22093
301683.0,27.985744,-31.35043
231942.0,20.469172,-25.988823
89065.0,20.950363,-29.834219
137956.0,17.963058,-30.892931
46963.0,30.602732,-32.60275
89104.0,8.334994,-25.949255
152741.0,22.442867,-30.523546
102570.0,16.99897,-37.423786
46825.0,30.398674,-29.974407
203655.0,23.118261,-25.831226
102432.0,15.712062,-36.876846
138053.0,26.271221,-37.258263
53076.0,14.550205,-36.20882
117700.0,15.268335,-25.441298
137990.0,18.715614,-31.22823
46939.0,30.104013,-33.013775
231938.0,21.42616,-23.709766
117774.0,12.245521,-25.078148
102537.0,-8.265457,6.365559
231954.0,37.35302,-16.304264
102500.0,13.11568,-24.61753
277723.0,24.666155,-39.28035
179873.0,24.838161,-29.26869
152715.0,34.514137,-23.86357
102465.0,21.629074,-32.930573
179913.0,0.60745126,29.353638
179793.0,-21.83431,-1.9145343
76531.0,2.499069,-11.959766
203763.0,-23.433025,-4.0800467
203645.0,-34.83031,-4.5328703
89047.0,-26.67772,-7.124599
88999.0,-31.086634,-6.0664153
231928.0,-28.226377,0.9956618
46887.0,-18.902735,2.6740046
152666.0,-33.77329,-11.039365
53142.0,-24.975504,-8.735715
102493.0,35.4504,-28.088352
277690.0,-37.16933,-3.7040262
203642.0,-20.925798,-3.8036447
277686.0,-34.976963,-6.071839
179859.0,-35.296722,-3.266256
138032.0,-29.47792,-18.531973
76529.0,-27.783037,-13.981696
102549.0,-28.38141,-10.526286
38077.0,-34.481857,-6.9749126
46878.0,-21.62418,4.3870263
117649.0,2.0511239,-9.562418
231971.0,-33.290417,-4.9913893
277731.0,-28.17537,-0.43276322
137929.0,-26.16205,-7.7565274
76605.0,-29.970013,-8.563033
102582.0,33.043972,-25.37224
277712.0,24.32561,-32.18365
102565.0,20.29275,-27.110502
102461.0,20.848614,-32.047924
88947.0,19.784477,-32.334675
231873.0,21.643154,-25.47264
46872.0,-29.364637,14.821002
231929.0,28.001991,-28.101837
138012.0,19.197737,-31.095055
76508.0,13.36937,-27.727728
179915.0,24.353014,-28.516947
117679.0,37.798676,-13.942916
89029.0,37.590656,-15.652393
117680.0,19.014814,-30.467272
179848.0,21.901995,-28.197039
102515.0,-26.352371,22.902998
301662.0,23.38433,-30.54659
179779.0,23.678467,-28.772453
203692.0,24.240852,-30.170567
231869.0,22.229055,-35.885406
231927.0,22.738342,-24.506323
301655.0,25.113653,-32.33355
102578.0,14.932344,-31.961716
203671.0,11.47626,1.8968016
203717.0,23.090494,-37.543655
117664.0,-24.298212,-17.867762
46924.0,-21.841028,5.1059904
203782.0,-28.212475,2.4280217
76615.0,5.4021373,-13.652122
137942.0,3.0381768,-22.242794
46931.0,-22.366713,4.805805
137926.0,2.3282459,-9.319567
117760.0,-26.191084,-5.354596
102572.0,-22.982283,-12.644238
203673.0,18.748173,8.393677
89044.0,-33.019375,-15.480726
231959.0,-33.056942,-3.392772
46845.0,-21.780466,0.16360228
138022.0,-35.91904,-8.132943
53156.0,-24.597769,-9.581176
76526.0,-33.32264,-7.4714036
89007.0,-35.019543,-7.8487887
152614.0,-37.45937,-9.67414
46901.0,-19.986437,3.8633137
179844.0,-23.478569,-1.9623228
38074.0,-22.47143,1.8362023
179820.0,-22.155647,-13.832372
231921.0,-26.630224,0.23876938
203687.0,-35.464867,-2.0744655
102485.0,-20.364706,-8.180046
179897.0,-35.940002,-6.9009113
179880.0,-22.544657,-2.5989158
152579.0,-29.421993,-10.3039875
203710.0,34.32419,-25.86951
38073.0,30.053156,-30.249426
76577.0,13.228225,-28.585445
203769.0,19.845175,-34.282097
179810.0,25.88112,-31.025667
117750.0,17.470266,-24.957499
231972.0,25.26916,-27.562948
53141.0,17.931255,-28.167747
117674.0,24.134077,-38.428272
231914.0,32.56299,-25.757776
138046.0,17.144867,-31.641104
89078.0,17.74419,-24.576223
152637.0,21.890053,-29.151487
76626.0,15.851513,-18.28378
231966.0,26.34479,-33.769047
88987.0,19.002123,-28.94765
203697.0,22.669058,-37.29939
231962.0,37.707745,-15.852659
117682.0,15.695798,-27.905252
53043.0,19.95387,-28.696898
203644.0,-26.26015,22.921331
102554.0,18.738316,-32.060913
203656.0,-26.341269,22.89889
277717.0,38.82542,-14.265298
179855.0,21.766634,-27.335163
231953.0,-27.459265,-2.2801938
46877.0,-16.612488,2.8786876
53106.0,-31.161333,1.8649484
46857.0,-22.690788,2.235187
38098.0,-22.165415,1.2986114
203700.0,-33.83039,-1.7174321
203625.0,-18.437828,-3.1139362
203653.0,-21.926788,-4.3771605
46915.0,-18.925224,1.6452893
152602.0,-36.962032,-7.427532
231904.0,-24.090176,-4.629448
53083.0,-25.082731,5.289869
152573.0,-34.212593,-11.775479
102431.0,-31.055658,-6.785986
117747.0,-24.560831,-18.207626
203684.0,-20.649216,-11.956829
138007.0,-32.059288,-9.512935
89098.0,-35.34899,1.7109762
53111.0,-22.626196,26.66595
152790.0,-29.503218,-7.578901
102577.0,-31.282606,-1.0555551
102518.0,-23.507883,-17.36545
203733.0,-35.047825,-4.710357
76548.0,-25.73166,-0.45826674
203731.0,-36.625862,-3.3627934
152799.0,-31.16442,-8.210142
179867.0,-32.306633,-8.135608
231978.0,34.45546,16.672384
301701.0,32.972652,22.459099
203722.0,32.780487,19.175669
301659.0,30.86245,18.16948
76640.0,35.024986,15.901491
179790.0,32.54672,17.475098
117726.0,37.38622,19.803665
53053.0,-8.3752775,33.732685
76507.0,-13.351854,33.91182
117708.0,-10.009118,26.158966
102492.0,5.0817842,25.554283
53075.0,-13.299134,28.09194
137961.0,12.722541,-5.8557196
231888.0,30.869871,17.081427
76516.0,35.26199,17.0269
277677.0,31.84227,17.871416
46866.0,31.876858,22.707027
277683.0,33.904987,22.563465
38053.0,31.960419,22.037413
203677.0,32.222748,18.25308
117667.0,-11.794052,36.025093
137980.0,-10.593912,24.379614
88966.0,-16.601,27.548243
46949.0,21.659323,-14.183249
137955.0,10.5915575,17.818058
53103.0,-8.413535,33.57847
117727.0,34.815952,18.934443
231872.0,37.064747,18.075764
231894.0,33.471878,17.96598
152772.0,34.588123,20.280695
102498.0,35.1563,18.800673
231881.0,32.533905,18.372862
179843.0,32.508793,17.502733
152660.0,-13.354052,33.003025
117589.0,-14.356658,37.469395
117737.0,19.035292,-14.113464
53067.0,-6.74652,33.906292
117650.0,-9.024781,23.705767
88952.0,-11.669884,35.832336
89017.0,36.956844,16.888754
301674.0,31.609226,18.311106
203707.0,32.087833,18.958912
117741.0,34.48956,18.754908
137971.0,36.36952,19.328037
152575.0,36.259205,20.763117
88977.0,36.50145,21.08804
53058.0,6.6415367,25.79149
137918.0,-27.65515,4.8531322
117579.0,-13.651158,31.935938
117729.0,-10.987352,31.74445
102444.0,-13.156185,32.718124
117643.0,-7.8779984,32.175507
203778.0,34.387794,21.810644
152783.0,34.73751,19.81902
53061.0,33.89092,15.951049
179792.0,33.01373,18.728012
301709.0,33.160862,21.288895
231957.0,34.89043,23.136023
53065.0,-12.125556,28.408228
76632.0,-11.793887,29.123716
117582.0,-11.116356,36.885185
53143.0,-3.8756218,36.73776
117767.0,-13.778162,30.14567
89087.0,-9.016654,27.938305
203740.0,33.803562,21.02816
301679.0,33.237514,22.196678
203786.0,34.93266,21.945498
46837.0,31.539665,23.21371
203711.0,31.184986,19.00967
231944.0,15.785493,-22.352562
231979.0,34.303894,16.57735
117691.0,-17.097143,36.57301
117722.0,-18.540758,28.873886
102469.0,-10.404457,37.113632
76635.0,-2.6945202,34.51138
102425.0,-9.9729,34.87705
76499.0,-20.7008,28.200165
179954.0,34.16376,21.75129
179903.0,32.564888,17.388586
301665.0,30.336872,20.296022
76553.0,36.161358,17.805439
53162.0,36.00786,16.755098
152631.0,33.51289,19.122755
152778.0,35.500404,20.050764
88978.0,5.337636,25.841797
89076.0,-11.154016,25.428965
117697.0,-10.942973,33.2697
53155.0,-6.3173523,36.353798
117703.0,-11.66505,32.245476
117704.0,-12.472491,32.38046
277694.0,33.424763,21.667479
76544.0,12.36177,-14.539373
179901.0,36.90553,22.798079
231951.0,33.77939,18.00246
203715.0,31.778288,19.845905
53152.0,-1.1014695,-7.23782
152617.0,33.152878,19.53051
53149.0,-11.915915,28.093906
76649.0,-5.8243823,35.85479
117600.0,-14.129547,32.34522
137968.0,-12.186727,32.980732
76638.0,-9.479037,34.136215
53189.0,-17.897064,21.465483
231876.0,30.810251,15.685337
152611.0,35.49094,19.20256
138038.0,36.10075,19.06357
301666.0,30.378119,20.309776
38079.0,32.619076,20.801695
152622.0,33.605587,19.446
203764.0,34.503628,20.908861
117712.0,-9.488879,31.282309
117586.0,20.901808,-13.849027
89089.0,-7.777485,32.68043
117590.0,-16.798552,27.483446
137960.0,-12.311223,34.034874
76527.0,2.3287425,21.058466
76648.0,35.60324,17.47617
179849.0,31.998362,16.560696
301670.0,33.586105,19.114487
231990.0,33.76035,16.897688
53114.0,34.094578,17.718716
89034.0,-20.25449,33.551525
117739.0,-10.038191,32.805794
152644.0,-6.0782075,28.915506
53084.0,1.2533197,-3.5739489
117724.0,-11.048149,37.176456
76487.0,-19.50482,34.45901
76525.0,-11.069249,28.538853
102489.0,-3.051713,21.883942
137969.0,-9.072902,23.0668
152623.0,3.081836,-7.9676695
117698.0,-2.6872683,19.116308
76645.0,-7.705104,30.190144
76537.0,7.0224595,-10.03202
53166.0,2.8994546,20.938868
179852.0,7.2083745,26.41675
117770.0,-7.5148354,-15.785301
76590.0,-5.134581,-13.599062
117671.0,-2.0007088,-14.137929
277696.0,-11.452466,-6.3212175
137945.0,-8.46517,-14.69021
117689.0,-17.428175,13.320329
88949.0,-12.0595,-9.246469
231895.0,-5.081194,-10.317079
117629.0,-11.666517,-8.059941
76595.0,-4.16323,-11.379841
46928.0,7.8756394,-23.906063
76488.0,-4.6762867,-9.004255
231891.0,26.127117,12.751449
117768.0,-3.2880874,19.051157
53175.0,0.41974476,19.964956
152648.0,-3.7809162,21.112108
152574.0,-3.5746748,20.05073
46902.0,-27.853823,14.5874815
76542.0,8.641566,-8.259515
46906.0,-11.989186,10.92612
53125.0,-0.72375596,15.353773
203643.0,-1.8608665,-9.905235
38103.0,8.665699,3.9556334
102449.0,-2.6561248,2.438776
76621.0,-30.21346,-17.058983
179827.0,7.4121876,-13.071026
46909.0,-8.906225,2.6202967
152755.0,3.5762932,-3.31825
38104.0,-10.057369,-2.5858433
102512.0,-0.8641921,-13.173661
53167.0,-10.954674,-7.574132
76594.0,-4.6320834,-10.9165535
76630.0,-17.385895,13.062578
46860.0,-10.965109,-16.846985
152607.0,-1.534155,22.235804
179943.0,-5.6092663,21.281078
53049.0,6.8172956,-1.7137389
117717.0,1.1585642,20.212425
88957.0,-5.6162324,18.925152
117592.0,-0.4450932,20.870161
179942.0,-1.4769689,10.803428
46818.0,-27.086792,15.4400015
46817.0,-12.795164,2.3716018
102556.0,3.2863083,-3.9264483
152608.0,2.4639475,-5.568746
88950.0,-9.714104,-13.773482
102507.0,-11.484153,-8.792028
46904.0,-11.899134,2.0405276
179951.0,-5.1140537,-12.549584
88962.0,-8.481673,-11.401061
152592.0,-22.406809,-7.3287177
88997.0,-5.9599204,-14.237903
38060.0,-1.8037375,-11.561081
138001.0,-17.035189,-15.192897
138047.0,-9.035387,-12.761117
277738.0,-4.95546,11.347632
152578.0,0.19974837,21.248234
152800.0,-15.285394,-3.8703086
76539.0,-0.905624,13.667568
179817.0,-3.3985076,14.432524
76540.0,-27.962492,-14.245813
102528.0,0.83975655,21.676226
203794.0,3.2596302,2.6791503
231907.0,0.845076,-13.449142
102548.0,-5.5980945,-7.7915196
179786.0,-6.5342875,13.986563
46833.0,-14.833909,-0.53242856
137910.0,-3.333688,-11.244006
203732.0,15.28671,-21.8305
38100.0,-10.6324005,-2.3473074
152757.0,-3.7790635,-7.4060965
138009.0,26.144033,12.756954
277678.0,-11.344253,-8.244091
76574.0,-23.775532,-8.764864
89028.0,-5.7569137,20.767048
203636.0,-6.9924793,19.862268
117648.0,1.9756038,19.384186
179812.0,11.750876,20.16916
179906.0,-4.0024447,12.816173
53082.0,0.059778027,15.915538
46935.0,-10.785656,11.146329
137923.0,-2.9839973,11.805514
117610.0,-13.341896,-8.312456
88983.0,-4.189415,-8.9288
46913.0,-13.379837,1.6962383
152594.0,-6.424459,-10.348287
46936.0,-13.768648,2.2626145
117772.0,-4.8761477,-13.951655
53170.0,-5.1218696,-9.664182
179801.0,-11.012186,-4.8777237
102555.0,-6.8130302,-13.503457
89101.0,6.2181683,-8.466924
203787.0,-17.666656,-14.8340435
88981.0,0.6086266,-12.76072
76636.0,1.4721186,15.341121
46876.0,-29.286285,16.214067
152784.0,-7.0663915,18.136787
38093.0,-18.156837,7.3268743
102504.0,0.7953917,20.228554
117663.0,-6.6856084,17.930412
277692.0,26.049568,12.749362
46975.0,-11.09273,-17.15793
179918.0,-18.612791,-13.635833
152652.0,-3.8835862,22.280916
138002.0,-6.1033006,-12.819293
46844.0,-14.500153,1.2754633
231897.0,-12.308427,-7.088583
231950.0,-10.384608,39.47232
117731.0,22.782585,3.8261094
117632.0,-5.52752,-13.868623
88953.0,-5.9928427,-13.509068
203779.0,-10.372751,-5.339768
76547.0,11.679769,20.169197
46834.0,-8.382903,26.99728
277697.0,-6.1872077,14.422605
76646.0,-0.80721873,14.120609
137915.0,-3.0001533,18.468472
277737.0,-5.493642,11.363344
203734.0,-4.0823574,12.708575
152589.0,5.391959,-9.079095
102447.0,-6.6635776,-11.430819
76587.0,-4.061907,-13.734987
152670.0,-10.527204,-8.585568
89060.0,-8.287167,-13.654423
301680.0,-12.343727,-6.820468
231899.0,-1.8758398,-9.536134
46868.0,-13.221974,0.7892837
89072.0,-8.393517,-14.460259
117756.0,-16.845575,-15.239287
203699.0,-10.169657,-5.1850963
152673.0,-0.3200973,29.336487
138026.0,-4.8506355,21.363167
53037.0,8.721001,-7.602824
76502.0,-3.2995043,17.045307
38065.0,-6.1644297,9.8778305
301654.0,-30.516628,-9.900904
277722.0,-7.2015142,21.843054
137931.0,-0.16738425,-12.867597
46976.0,-13.189776,-5.179277
102553.0,-0.25825146,-8.080722
102450.0,-1.2326277,-12.88363
117714.0,-17.470259,13.455257
76585.0,-4.7987366,-8.805133
117763.0,-13.372971,-8.178864
46884.0,-13.884001,2.9056242
231896.0,-11.616308,-7.188949
46961.0,-11.116404,-17.215303
46850.0,-11.888934,-3.0831769
203641.0,-10.1504,-5.5301113
152681.0,-5.290372,-15.410057
152568.0,-0.38198173,15.686219
137982.0,1.8023589,-8.150792
102446.0,7.4829926,-5.1311865
203654.0,-8.87516,14.47775
76616.0,15.04088,-5.1059346
38070.0,-5.828504,9.557773
46888.0,-10.4071865,11.694511
102505.0,7.10796,-27.240152
152767.0,10.655596,17.353916
88959.0,-6.5762906,-6.3879595
137912.0,-6.510889,-11.362475
46960.0,-10.319633,-1.8938569
179784.0,-7.6972575,-8.872017
179881.0,-7.4536757,-6.7581077
38058.0,-9.844605,-0.55952615
231874.0,-13.227602,-7.2744184
102451.0,2.2475522,-6.0102468
46814.0,-11.21381,10.121267
46828.0,-15.028876,3.3635588
53040.0,0.3065294,16.27056
301703.0,-0.700551,30.199049
102491.0,-2.112332,19.191618
152794.0,-4.8285565,15.301652
46815.0,-13.643839,6.24325
46843.0,-12.984126,1.5815048
46941.0,-15.799227,4.8981385
301693.0,-8.322273,-10.178067
88955.0,3.856878,-0.9288589
152609.0,-12.490457,-9.39297
46824.0,-13.8224125,2.4179616
152624.0,-4.3763375,-7.206351
231885.0,-9.118497,-6.186686
89046.0,-8.12617,-13.202926
46973.0,-12.681943,-1.489052
231952.0,-15.220846,-6.697312
137916.0,-7.9802628,-12.063221
102455.0,3.6193266,-10.751871
203798.0,8.589158,-26.43081
203776.0,7.392368,32.22411
301678.0,-16.048094,30.237322
203650.0,-16.764484,33.35407
277721.0,-18.91442,23.609095
137907.0,-11.742446,32.416008
203672.0,-15.207361,31.95316
179941.0,-8.1541,32.088177
203651.0,-15.829715,26.066133
152737.0,-13.631001,34.412125
152731.0,-10.566198,29.984974
179825.0,-14.465372,32.971073
231982.0,-0.8077535,-10.443631
179909.0,-16.761295,36.041992
179905.0,-14.141137,31.213049
203735.0,-16.515076,24.867002
152598.0,6.146474,-4.261086
179809.0,3.970181,27.827078
53050.0,7.122089,24.814981
203659.0,-21.049877,-2.5875251
152786.0,7.515584,25.990341
203685.0,-14.688563,27.616442
102509.0,-6.6708264,31.642105
152734.0,-16.52633,27.36019
152641.0,-14.850933,37.936512
102430.0,-10.575589,30.688112
179911.0,-18.452343,21.199734
203736.0,-18.071318,25.259499
277719.0,-17.401005,36.73202
46927.0,-20.128735,33.550514
152690.0,-14.593513,30.21892
231983.0,-11.290346,37.796192
152796.0,-13.785462,29.405823
38067.0,-19.61487,23.57297
137913.0,-11.239027,31.598461
76536.0,-7.1578565,34.326096
53174.0,7.783887,19.544247
53164.0,-8.667037,34.900547
152745.0,-12.863716,30.86014
137914.0,20.203234,-14.165238
46854.0,-29.724953,16.130566
179940.0,-14.130283,29.25494
231911.0,-14.031896,28.601807
277725.0,-13.187884,25.761715
88975.0,-12.521044,23.694494
203762.0,0.05229415,22.81449
203768.0,-16.530453,29.091402
46943.0,-9.041017,10.152708
179872.0,18.914467,4.194212
203772.0,-14.979452,33.776722
203758.0,-15.517645,33.034313
203730.0,-9.719218,-5.059922
231920.0,-12.651751,28.822657
137911.0,-11.793416,33.511845
137908.0,1.0654436,-7.224073
152682.0,-10.138746,29.834665
53120.0,7.2332854,-2.051086
203680.0,-6.6998835,26.880045
152674.0,-6.147659,24.71986
277724.0,-17.23716,32.983624
152696.0,-12.937773,31.609573
203785.0,-15.829647,33.390923
46912.0,-20.22043,31.701351
301684.0,20.421717,-14.277717
203629.0,0.36919022,29.346556
46914.0,-18.854326,29.85978
102488.0,-11.972772,31.662361
179879.0,-15.315199,31.233385
152640.0,-17.777786,27.329487
152788.0,-15.390719,-3.7990508
231989.0,-14.374445,24.759516
46867.0,-10.281018,11.700078
46896.0,-20.184517,33.376434
203630.0,-16.828175,35.023727
152649.0,-5.358564,28.163948
76535.0,-13.073972,27.452145
203716.0,-19.254135,25.216633
117776.0,-6.8773475,31.823568
152694.0,-13.037971,35.9883
179788.0,-17.889925,24.174736
231977.0,-0.08549735,-9.448494
137959.0,19.76943,-13.3994465
179917.0,-16.814028,32.018723
231893.0,-15.125289,24.523682
53176.0,-7.9834185,33.640915
203713.0,-12.43973,29.715738
38084.0,-20.032253,30.930775
152756.0,4.1889954,27.219463
152597.0,-10.360087,24.726444
301685.0,-14.832104,34.45427
179934.0,8.257752,-26.264109
203646.0,-18.148933,25.123177
102454.0,-18.352339,29.161253
301707.0,-15.5311985,28.891684
301698.0,7.7189727,26.144663
179851.0,-16.630478,29.345276
53179.0,-5.142554,32.89622
203632.0,-17.943764,26.679342
152642.0,-13.205728,36.220997
179826.0,7.8447895,32.591354
179794.0,-14.919299,32.066624
152716.0,-14.219062,26.498926
179824.0,-2.8881333,33.95189
152643.0,-11.834004,37.079105
179939.0,4.770117,24.617289
137927.0,-15.853831,19.840395
277710.0,21.452969,-14.383902
203663.0,-16.514845,30.163609
277698.0,-16.92549,24.262089
179936.0,-5.1200037,28.078371
137906.0,-18.894272,27.98241
203770.0,-7.5155826,35.034378
277727.0,-10.100604,36.280964
152738.0,-18.208242,21.318047
179912.0,-17.080471,31.671967
152726.0,-17.705036,33.64769
152689.0,-12.975876,32.768402
137975.0,7.433718,25.059824
203796.0,-15.057411,33.43452
