,x,y
2080,18.03544,-43.22668
236,1.8050966,17.516655
741,-20.283293,-9.775541
380,-16.062637,22.82
1446,-11.569885,13.275493
997,-27.329807,21.213608
1726,-9.007349,21.219822
757,-18.079494,16.173166
2125,11.903837,-41.968563
381,-22.568977,4.276491
2131,6.7397075,-41.774433
627,-16.497948,-3.2420702
1782,5.006537,-13.0582485
1874,-27.927198,-9.148496
347,-14.232778,17.49576
1048,17.231201,21.361946
947,-22.054735,23.05203
1244,26.994217,17.24504
1005,-6.9769006,9.39866
1877,4.991362,-21.837072
447,1.938238,-3.866329
1377,22.143723,4.054605
2055,6.8096566,-43.489647
440,1.5462595,-4.391112
1852,-9.112117,-4.501762
1906,-2.088247,-17.82128
708,-15.550131,-6.8563957
1065,0.4907715,-19.605764
430,5.0662723,1.466659
59,-17.562794,5.895848
1116,-6.7562027,-2.460319
566,31.5698,2.228144
1762,4.184165,15.819253
273,-14.682866,9.970691
51,6.3371134,4.981169
746,23.278076,1.3341241
178,-24.257708,7.2626543
2049,13.29112,-41.04807
155,-16.067612,11.82872
983,33.015778,9.040861
1708,-25.152029,21.585314
880,5.71631,16.179989
2098,8.692099,-40.754925
384,-4.1655955,10.095529
1640,7.0061464,0.31660265
2093,8.495772,-42.308025
511,-24.005444,-11.825993
1764,-25.342974,6.8062105
1817,-10.538524,7.648835
1604,-6.499238,12.598778
900,-18.498476,-16.797426
490,10.683945,-11.934051
1034,-9.786084,7.253683
2013,8.675772,-36.99828
144,-17.382277,10.717826
545,1.4836748,-4.922484
310,-17.747795,15.162242
750,-7.2953835,-17.501932
465,11.782994,-10.480566
1898,9.327641,-22.26965
146,-9.789422,16.169155
1843,18.45197,1.2960875
963,-14.133059,19.936949
1337,23.689236,-2.7056684
1913,0.24181272,-10.056096
1063,36.768543,7.652542
258,-0.5547493,14.534219
498,13.502153,-13.906463
1512,-6.1265187,1.6301078
25,3.9221182,-11.567069
444,0.6082719,-4.852474
130,-12.94586,0.53924525
1474,-25.560827,11.579555
696,16.800692,-5.1423864
916,-7.2751,16.592617
1001,-7.405735,22.532633
1857,10.26348,-23.161758
1864,0.956303,-15.218814
1513,-3.5518885,2.0033379
1495,-22.14463,5.871979
646,18.003056,-7.1888814
240,-17.568344,14.715722
290,-26.537958,24.356964
1967,19.233345,2.7176383
2095,7.302451,-39.081047
153,-27.830017,8.25233
914,36.969555,6.3821707
1385,0.37468204,-18.373146
1519,11.969233,-11.471627
1777,-17.493176,4.8854933
476,14.6014185,-8.149439
468,13.329535,-10.84563
823,-12.841129,20.183104
1965,17.095798,6.8277564
16,-2.3333576,-6.284006
1943,-6.0737514,-2.982648
2007,11.766567,-41.418327
35,-12.965734,-6.1263986
1986,8.583522,14.117762
1318,12.213586,11.30353
732,-13.704306,14.867821
1343,-14.98691,-20.966024
844,11.532825,21.402325
1839,2.5630567,-0.36163583
1126,-0.7348766,-19.773146
811,-20.80101,1.1747586
881,-20.659163,3.2321417
154,9.239194,18.229034
1030,31.66801,5.907758
1019,-5.224634,-8.816871
2063,14.927433,-40.95764
977,0.35041916,-18.4536
1423,23.292534,6.896645
68,5.0768156,18.980827
351,-2.2068315,14.875759
78,-10.268617,14.834835
1719,-5.1998615,15.042099
603,-11.30832,-7.0263486
42,0.45700634,8.936279
535,28.158625,-6.888907
570,3.0550694,-5.5533285
1329,4.675014,9.409097
2031,11.013707,-40.112755
1223,2.5882142,-10.5363865
1982,-5.801342,4.8642416
1627,-11.523884,-9.655832
864,-5.553718,-20.547941
1120,-4.991324,-4.836987
2099,17.93103,-42.38537
625,-7.6126814,16.144709
5,-6.510307,8.483274
2027,12.807288,-41.457905
1278,-14.171966,-1.9740134
417,-5.242423,2.572321
887,32.679268,4.8760023
1862,-8.038739,-8.225285
1165,-6.4090567,-5.299707
660,20.919355,14.243424
63,-24.232212,14.3907175
636,-18.031145,-9.368161
634,31.61905,-3.435235
200,26.026869,2.155414
360,-9.20781,1.162053
162,38.139645,6.4719086
611,13.815758,16.126858
1135,-6.1057205,20.206629
161,23.547335,9.766224
701,-13.299896,5.821672
338,-10.550472,9.078869
1654,-14.078448,-3.7383695
1778,31.834356,6.306889
1186,-11.399906,-4.331885
1456,4.596999,17.692898
120,-8.38857,12.609794
86,-11.625819,3.7425818
876,8.324071,9.579865
1923,28.177135,0.41655484
1196,-4.5540338,-14.524231
648,15.413169,-6.890872
591,20.294134,-20.11927
1745,-16.620659,13.530849
853,-13.313528,17.461727
912,-21.093819,-0.7253921
1811,-14.819836,-1.5190859
1541,-7.6179414,-9.254524
1681,20.091057,5.0859838
1706,11.67993,19.280035
308,-17.912594,1.6805387
1341,-0.5233228,0.45683208
262,24.226028,7.195939
402,16.805302,18.469542
1531,8.302296,-6.003043
1255,-12.356398,-5.922647
771,-2.2987094,-23.75695
1225,-3.5533452,-18.079828
463,27.962267,-3.661064
774,9.203828,-7.374827
1453,-15.806096,8.079406
281,3.2155252,7.946526
1660,-0.7458708,-2.2468371
635,13.123163,-13.226771
809,-23.506584,-5.63045
77,-18.152187,12.769737
416,-3.3135989,2.0648313
382,-16.236448,3.7135751
1840,14.642685,-0.9751619
1995,12.781851,-40.825874
1937,13.554913,11.682997
1293,18.066605,-40.96859
686,-15.580974,14.669798
833,35.647987,9.837782
848,-18.79719,7.079334
228,8.435185,19.639948
510,6.754351,-4.5402737
165,31.1884,7.1425157
1929,0.20928313,-10.118435
1398,15.422943,15.92004
57,-24.198305,-2.6589725
932,8.309087,19.836271
451,3.0817983,-3.4032423
443,2.0096593,-4.084373
1328,-5.09082,-8.185123
1432,-14.113166,-0.06955262
2002,13.649668,-39.449066
1510,28.870098,3.4075274
488,18.044643,-10.593922
2064,11.425944,-39.607544
873,-25.279552,22.72821
1167,5.727921,-20.869377
1941,-26.003181,1.7385142
1856,6.121053,-11.036705
1288,-8.108743,-6.097917
1351,-6.2510867,-2.5395644
1888,-0.14556327,-11.705197
1657,1.3262856,-9.6711035
168,-30.37619,2.0252101
1265,-0.19037892,-8.942862
1884,-19.976555,19.27784
232,-5.5701103,-20.742735
1170,20.141626,12.056656
1774,6.319215,-21.39234
28,2.1990368,2.130338
691,14.343832,-9.41389
573,-23.861666,-7.986415
927,16.387178,1.3196326
1846,-27.913826,-7.327861
1090,-11.4121065,0.22588956
222,-14.106707,12.520295
1631,-14.968719,-10.525809
1916,-5.84484,-2.346023
211,-12.51676,13.857736
2024,9.041699,-43.42887
1009,-15.836694,-0.054745544
1023,30.2509,-6.0554695
1369,-5.5527124,-0.61466056
13,6.324727,-10.7212305
1,7.9142237,2.829766
158,-13.996425,10.232362
2017,9.189724,-44.127617
1810,-5.8355837,-9.365396
1507,-24.572699,3.4199305
672,30.426455,-3.9357
1789,-4.52071,-24.866404
176,-22.330566,-2.6418936
1970,-12.575067,-4.7767715
1000,32.41279,3.9181676
813,36.209766,-1.419446
1648,-17.17408,-0.92873704
747,10.099442,-6.107296
642,17.315535,3.9038522
494,12.077979,-11.65822
1972,-2.6755023,-17.26227
1098,-3.6573176,12.803923
877,-21.187876,11.465416
135,31.061813,4.649859
587,21.84535,11.178232
1547,7.446177,7.9906287
1310,13.185143,6.854462
638,-16.232386,-11.285937
116,24.423052,6.162161
270,-4.786822,11.192609
1311,-5.4114413,7.997281
181,-25.216967,20.321764
2124,8.904605,-39.692047
1250,-1.3678551,7.866547
2068,3.4607408,-37.84581
597,-3.0721414,18.987354
1724,-10.375925,13.695264
739,-17.10772,-0.39164928
1543,11.705626,10.189964
288,30.785757,7.8449144
242,-13.214156,8.107751
2111,7.371505,-39.819008
1822,-10.573288,7.928203
115,-24.180357,4.4085975
979,-26.090656,23.074497
1956,-0.75273407,-20.89514
935,-31.036003,-4.230835
598,22.943333,5.562519
579,10.952775,-2.9039836
1287,-4.7677164,-15.51293
1269,-0.77201134,-7.8331795
2074,9.34421,-44.49916
2034,7.000895,-40.2626
1610,-16.561237,-12.886329
137,30.32242,10.210797
163,-28.621233,2.6466901
341,-15.226341,11.3169365
246,-29.085756,9.539303
1424,-15.541099,10.469408
1849,26.467232,0.7720378
1730,-21.064852,28.25777
424,2.2177153,-6.9091053
458,-14.310143,-1.8454136
449,10.039901,-1.1391838
882,-7.273769,0.5873404
1910,38.018898,4.826283
1140,4.2969494,12.037535
659,15.700709,14.614316
778,9.092139,-2.0777726
647,-24.49779,13.2549715
731,-10.602579,23.108276
1416,-18.760141,11.386285
306,-15.273684,14.181418
1044,-7.5392537,17.86831
855,18.579607,-0.106920324
1904,-2.2975628,-18.088167
118,-18.825443,10.783256
783,16.170116,10.381138
177,-16.278814,14.256753
1753,28.61618,6.892128
2012,15.819323,-41.975945
2081,12.455365,-43.076756
1759,8.090142,9.75223
2105,6.655692,-43.56838
1866,0.83638436,-22.430676
1732,-1.0484957,-14.541692
2104,13.278784,-43.4982
92,-14.572835,6.288343
1618,-19.387285,-5.3633785
1291,-2.5265887,-18.044052
1290,-13.259774,-6.053616
2126,6.9464135,-37.88037
1455,21.866764,4.939589
1042,2.2249608,-5.6073112
235,-21.034302,5.0357184
1292,4.189838,-13.358594
567,-9.390737,-3.1843722
298,16.079353,22.344507
1137,-2.7577295,5.2622457
1239,0.94428855,-8.225772
1370,15.530312,-1.7827404
1504,-25.114187,2.4787958
744,3.2225757,-9.002549
1690,-17.95446,5.064285
346,20.100163,1.6498905
1022,21.91335,5.0072236
1367,-22.135767,-17.593473
786,33.332756,4.894057
1743,-10.176657,20.328682
1599,6.1337123,0.92246544
1490,-10.88629,-0.8813174
1711,-21.794022,8.984281
1984,33.37002,10.628936
1758,-14.980868,3.0175762
1263,-14.670811,-2.0466096
1854,23.999947,-5.092716
47,18.669743,19.661156
1791,3.5529482,-9.759169
740,33.70504,4.3998575
967,1.6192447,12.306776
1386,-1.0511246,-4.3482523
1794,33.421795,-5.550952
1583,16.676104,22.152466
1525,15.322947,-9.890373
516,7.6982727,-5.537276
1621,25.996119,4.16285
1562,20.323471,-20.098124
249,-22.731285,15.251686
1038,7.276999,-21.984716
1804,35.706085,-0.23146802
353,-2.3022172,14.662648
523,7.9983582,-4.2604976
1590,-4.3143992,12.650416
287,30.034937,5.359341
1596,-4.4143395,6.882903
495,17.42458,-8.480713
1584,-25.773727,-5.879464
1055,7.867945,-12.253972
800,28.691816,5.914633
1775,21.27939,5.203196
1710,-17.383505,7.2792244
690,14.358966,-11.738913
61,-19.329975,9.76767
1741,-14.206217,5.3708777
1712,-15.093157,12.720179
329,-8.8828945,18.510794
1757,-24.227262,-12.024457
361,-9.9993925,0.72257143
961,-30.374136,10.511627
1966,9.435354,2.9159968
1907,8.397518,-21.464935
1028,16.105452,22.651865
2005,13.254849,-38.392742
835,-22.126362,19.231
1896,-19.8036,-3.1758747
1639,-16.157616,-6.9780293
1770,9.5441,9.39698
269,-17.302849,11.857704
117,-1.4170052,13.169969
2123,5.995358,-37.678143
524,6.902842,-6.076705
1963,4.4676127,-14.737211
722,-22.68907,7.963201
1332,-2.5019827,-2.3787334
1546,24.938442,0.7122132
221,-17.503212,21.752296
1403,-8.928491,-15.893684
1388,14.920989,12.881758
1104,28.886309,10.157538
1602,5.281867,-7.9575253
1587,-13.371562,-9.893176
1107,-10.423928,-13.535727
343,-11.219546,9.024713
45,12.610659,4.5624766
2076,12.5538025,-38.990974
989,1.9097551,17.35265
1760,24.283129,5.835102
203,-10.267479,15.5123
1123,-3.863083,-10.075
903,18.805258,10.371474
519,5.825405,-4.6850452
584,-11.116897,-20.628809
1396,-12.274672,6.138232
1133,-29.188328,6.888218
842,26.368107,7.3243356
898,-13.486416,2.715139
1465,-21.236967,13.356387
1216,11.698451,2.5114675
87,10.658762,17.663633
1500,35.21795,11.05654
1088,37.439957,3.0209982
1863,38.071617,1.3994694
1283,7.6809816,2.0876045
1978,-15.655384,-4.362019
1484,16.014019,6.28972
72,-3.1159236,19.44986
1902,-13.296282,-2.2277336
1680,29.944578,2.7308362
1827,-6.949092,16.574326
721,1.391779,-5.2834363
543,6.0303807,-6.056381
729,-20.07084,4.6044693
1714,-25.925253,21.046377
1348,20.986023,-2.0940545
1062,-5.5508995,17.573406
1556,20.407215,-20.333359
252,-24.94139,11.749562
1661,7.14269,3.8921392
313,6.7109876,17.456648
1814,14.950548,0.31756628
677,-16.061163,-10.035645
1400,-6.0236535,-1.436579
504,31.225279,-2.2004123
1847,0.52357405,3.9883897
1358,-5.47706,-4.14053
590,-12.807944,-23.07264
1704,-14.977844,5.4361935
334,-9.271933,8.570869
1890,23.102676,2.7578554
1149,16.802458,-4.834357
2047,7.873318,-39.684864
735,2.4719775,6.112263
36,1.7154893,5.5713773
1635,18.136457,-7.429076
1327,4.800607,-18.135586
1323,-26.393946,-9.456049
333,-12.742059,10.115005
1625,-30.62,7.152376
1947,4.2311916,-20.144066
1528,18.551142,-9.52024
861,-25.495388,24.48472
631,-14.201785,-14.738333
1663,22.418058,-1.3175982
1751,-11.5838785,25.231033
1384,-25.63628,4.1705956
1881,2.2726297,-20.844309
96,-7.842245,-22.193956
3,-6.5023,-5.428607
1756,-4.3634033,-8.940124
415,-4.7273,3.4440718
20,0.3854741,8.091877
432,4.153118,-8.893479
1985,-25.078873,3.680747
1229,-10.360135,-4.7834387
419,-5.076276,0.5214045
209,-8.681636,15.423017
1496,-9.040854,4.0003977
1431,-10.251442,12.481343
1122,-2.8763006,-8.56009
1306,-10.590047,-16.995111
1198,-3.4844038,-1.5839285
1257,35.271103,1.7256283
1305,17.237406,20.536488
166,-15.877419,14.3848715
616,3.0747504,-4.849642
673,6.3084188,20.708221
921,-24.186588,19.39732
1354,-1.7858818,-0.60110945
460,4.3176613,-4.961481
943,-12.653831,-13.134376
1011,-2.7419002,20.067677
952,-21.812246,10.943559
753,-1.5807339,3.685836
763,-12.044062,0.63792616
1585,19.583662,-8.484332
1642,31.573298,-0.28246325
167,-16.454807,11.7667055
1401,-6.110262,-7.2654347
816,-12.375589,3.5824833
438,-4.3403473,4.646092
1805,-22.591629,-9.140421
1479,-17.133303,28.821606
150,-21.013376,25.034641
446,7.8761945,-1.825188
302,-8.684957,-14.568167
1029,16.801775,0.48774844
794,-25.469265,23.687475
1662,6.0049887,-20.43824
820,-16.242561,6.464518
1068,-17.02206,-0.28778198
198,5.987198,15.385999
2118,13.297251,-40.052944
772,8.52719,14.5512085
986,28.117752,6.326242
1494,-9.017289,1.9450665
970,-15.653433,12.631234
1473,-17.68377,2.0807047
821,-20.919638,28.990885
1544,-0.53046775,-3.152747
356,33.369846,1.5299149
1236,-1.4984536,6.2469573
578,9.614913,-3.4979818
325,2.963955,9.963245
194,-19.096113,19.988934
322,8.828774,17.164093
484,5.888279,-1.0979767
1975,-3.3530045,-22.257584
1487,-10.30848,2.0628912
1382,27.114487,6.057537
1387,-3.6739726,-9.530346
1826,-10.790127,7.194055
1894,22.306541,0.40778646
922,8.727606,19.4883
829,-24.03513,25.322456
113,-7.8743043,19.353216
383,-22.747005,19.807459
1440,-29.887323,-4.8765125
931,-16.328176,24.26696
1220,18.350075,20.951128
2032,9.9086275,-39.88786
1353,-8.0923815,-1.2449619
601,7.196544,-5.601027
1637,-1.7569306,1.2084959
188,3.0543444,11.661396
197,20.97485,9.434167
1200,-10.502484,-13.5398655
1885,-16.889553,20.955608
1381,-11.206599,-8.101094
536,5.384986,-3.8210158
526,31.319565,-1.9917526
890,-5.998929,10.573008
959,-22.893402,21.70639
95,-29.403725,9.098851
1798,16.504,20.912619
2082,8.081224,-43.06673
1682,0.07598123,15.82145
1047,-9.342246,22.29552
6,2.0203927,4.5879664
1112,-25.499643,-11.431466
946,-21.513527,25.284304
216,34.452843,5.2468414
1185,-21.202452,-1.4588012
513,5.043414,-4.9937196
612,9.775151,11.489305
507,14.503637,-9.262069
1477,-22.385233,18.25192
108,-21.24819,-0.53267276
403,-21.525648,22.596014
575,3.508383,1.5251002
1280,27.481783,4.7800646
7,37.34468,5.433579
128,33.922157,3.5462832
234,-21.867832,-11.924875
897,-30.404842,2.6572142
1946,1.3732882,-20.779825
477,16.484364,-12.476282
767,-12.262861,12.229972
237,-19.92933,21.051945
1361,10.389271,-23.14743
2086,7.7703443,-42.15879
1312,13.855781,6.9766693
1414,-20.897972,1.1929252
102,-2.124179,17.53734
1138,-5.0917964,0.9578625
1960,-2.7348895,-15.902127
1458,-18.290352,-1.5746961
515,5.3059926,-0.6757902
1452,34.346268,5.0465493
985,-22.848753,25.39853
889,-0.9599534,-16.390484
633,18.412558,15.351044
184,-19.255083,16.040396
1924,-2.2491665,-0.5948493
951,-24.555082,16.331158
945,17.546213,-0.8802224
1638,-26.570667,-6.143713
2073,15.139734,-44.574226
259,15.8232765,12.740469
1942,0.17056489,-5.8359976
2016,9.252023,-43.644302
60,30.346722,4.3130956
230,-9.91831,5.955944
91,32.299408,8.069304
223,-20.150568,14.1467905
1480,-7.5552597,4.5318685
1766,7.8391824,11.482583
1249,-3.7437277,-19.962431
1537,-17.971083,18.122377
1715,8.244517,11.468186
1238,-1.9127043,-4.442109
1108,15.011989,8.570249
389,-3.8861778,-7.5285287
371,27.047956,10.523446
483,9.282236,-5.9875445
1444,11.880255,18.763718
201,-25.140245,5.14838
2040,7.697882,-43.644363
1725,-30.701563,2.8171136
1014,-25.758728,8.758973
1449,-24.597723,17.801256
685,-30.904053,6.941407
950,-12.209437,16.695633
1303,14.131697,5.7146964
231,-12.742389,16.036083
662,-16.55622,-9.279842
939,-30.15401,11.501096
714,33.73564,-2.141158
134,-13.6521015,1.3964633
1155,0.4818189,0.21161143
2130,16.604887,-41.358345
303,-26.125973,-3.2071495
2,0.51230896,-14.288372
226,25.235964,7.4548793
976,-8.5729885,-1.1963813
300,-8.490337,19.719156
1549,1.2701645,-15.929821
838,28.675123,5.9324274
852,-23.298494,23.143206
1258,-11.326701,10.255178
1247,14.317681,13.04723
1605,-28.843822,-0.03636992
869,-21.216463,11.132643
1131,-8.398635,14.131803
795,6.9168286,18.287718
1321,-4.2720466,-16.853895
1892,36.72522,-1.6673439
97,6.5121794,7.9965196
2085,9.508126,-41.35955
471,12.839256,-12.4070215
1183,12.684126,17.11604
1089,22.607384,4.767471
1530,6.2502294,-5.224188
18,-9.036118,-5.631094
299,-17.598629,1.21634
1285,-9.838607,-5.632214
131,2.7179132,11.230885
174,-19.713322,3.8140645
1607,9.923178,-16.761074
1190,-4.316984,-1.1192181
1132,29.195255,8.9956
1092,22.568558,4.9392495
1622,-15.149109,-10.872606
1948,-10.584106,-16.971067
964,18.30955,8.282925
283,1.302523,10.108217
1037,36.42371,6.4306808
138,-13.437367,12.32095
547,9.344864,8.768101
41,0.61868846,-12.965578
1101,-17.919458,28.746986
1674,-18.73796,22.862928
626,-28.829561,-2.2237465
2107,5.9130316,-38.50803
1256,-5.2453885,-14.447822
706,21.38794,17.329401
1046,24.420202,8.4838705
390,5.6595564,16.161406
1746,-10.5346,-3.200634
1217,22.960321,2.6192684
606,21.283545,3.876627
1524,7.7574573,-6.928024
1402,-6.1780047,-6.944227
514,29.920265,-0.84343106
148,-29.541466,-3.40588
2041,5.2909627,-40.86044
392,-20.416374,28.73759
386,34.776157,8.314261
1996,-6.718886,-19.197178
2050,8.564998,-38.72296
1093,0.92343885,23.607248
1695,-5.257251,-9.662038
2059,8.764765,-43.412918
2052,9.477179,-38.596252
501,25.445013,13.011204
503,-23.491905,18.416027
82,2.1259706,-14.934491
1560,20.140797,-20.2727
261,-6.0683284,-9.446828
1100,27.187054,10.597939
1235,-4.7322817,-13.803143
1462,10.621783,13.854539
645,17.125778,-11.608001
1731,27.073141,3.0213397
1977,25.371162,-2.0565739
780,0.040653065,15.722551
2106,9.024532,-43.806156
1018,-21.88684,11.908093
452,3.277931,-3.8200693
641,-17.367369,-6.8495092
1234,14.9849,19.034739
1636,14.412365,-11.095137
1010,-20.960361,6.235202
1371,-25.97616,-11.673209
980,-20.854767,11.996715
1933,-0.7607462,-20.479553
925,-20.811178,26.455027
1043,7.750458,-1.1361089
769,15.0681,1.3015485
320,-14.4099655,9.672886
1121,7.832339,-12.217731
1994,15.253055,-42.035015
1812,13.169935,2.728767
1860,-4.6936398,-19.624456
1529,17.584904,-9.076621
1497,-10.81346,2.7128816
1240,-8.2230425,-5.011737
1459,-21.776527,7.119092
1609,17.988928,21.538326
1210,-3.1195664,-4.1053543
2103,10.838817,-38.977005
1561,19.859524,-19.39172
2069,10.634691,-42.151546
133,11.526139,21.417547
630,19.226305,15.53345
2102,11.070185,-38.55214
264,15.939628,21.117483
893,-20.311321,24.16966
49,1.6390339,4.232142
1212,2.368705,-8.347258
1571,20.584673,-19.112629
856,-19.568167,14.604607
911,-13.2732725,21.044653
285,-18.632317,11.98293
1989,11.932502,15.530975
1983,-30.189001,-5.671385
332,-14.426412,16.378105
709,-14.742598,-1.5670666
1245,13.765804,8.901157
948,-18.320751,26.708523
1127,2.4746113,-18.36962
2018,13.585455,-43.674664
1091,-11.665807,-1.2855774
1693,15.024098,11.131267
1901,1.2140828,-24.272768
1516,28.152912,-6.95408
1853,-12.320023,4.919936
1352,-4.8392935,-3.0288856
819,11.386611,19.486967
761,-7.603611,-18.57057
613,35.89778,4.921036
563,24.546322,-0.97664374
758,35.51136,3.4524474
294,-10.517824,14.663056
814,23.36737,4.0300198
542,4.4532065,-5.348288
1074,3.3767507,2.1745753
1350,-6.013482,-2.877048
1619,-5.7258615,-18.238697
1208,-2.9010189,0.5096547
1119,32.46839,-0.76496875
2039,9.238458,-43.27918
373,16.954016,2.5911722
1550,22.177414,2.5407422
1952,-0.8964926,4.3510847
1797,13.80815,13.600961
280,30.919443,5.1037445
544,6.2686467,-18.766489
1536,1.5214007,-5.591948
1958,-0.86722827,-19.89925
1572,-21.049414,20.717913
1420,-19.431713,0.6394377
828,29.271044,6.8905225
1697,-21.043139,-0.78082806
396,34.733894,8.585688
1433,23.51072,6.6568546
1366,0.9407088,-18.147497
2036,16.9579,-41.554424
1472,-29.051752,0.54003334
2129,-16.410774,4.130057
1069,5.5796347,2.4521465
1796,9.729525,-22.676006
1251,-9.278593,-11.569532
805,-14.763774,5.7513733
671,18.27549,-10.3176565
688,12.669359,25.05962
1083,-17.79967,8.204832
1125,5.447726,-16.197163
425,-5.5957217,-18.266993
1993,10.9532995,-41.02725
1406,-6.8937726,-7.211184
1659,5.4728975,-20.32752
981,-26.16718,15.879034
224,-12.168961,21.954205
955,-20.016577,27.697956
1829,21.633253,3.0867848
862,-21.968626,23.506935
1809,8.081064,6.1581216
1199,-2.5368414,-13.531787
296,-16.276793,-17.415148
1317,15.349719,9.860839
1485,-14.869107,16.389635
1526,14.468342,-10.594565
517,8.431612,-3.4101555
1630,26.811049,6.227367
1438,-12.096669,22.141712
607,3.488275,-4.4890356
1410,-6.957304,14.466151
229,-11.644019,12.6848345
328,15.323902,13.744315
940,-30.173285,11.456351
680,23.562088,18.477474
1169,-17.568659,-14.548309
1629,-5.3546195,25.553015
1448,-23.020546,0.6320645
248,-22.382935,2.600102
736,2.142396,-11.935693
192,15.603592,3.419988
1146,-6.8903093,2.7548661
1211,-1.7984302,-5.2505665
27,-8.415835,-10.843333
551,-10.409066,0.3298812
304,31.255556,13.830451
637,-14.543007,-9.868353
1971,1.274314,1.6840562
1314,8.077934,9.690333
1427,34.400986,6.0720453
257,-26.760286,19.217503
1115,21.433386,-1.4612579
872,-25.454872,23.270317
1357,-1.069807,-0.47061658
595,-23.86182,24.366161
1554,19.270472,-19.165905
541,5.193067,-3.6864192
742,-29.633379,-6.262356
2079,12.355535,-39.985584
319,34.6674,4.0291004
615,27.839611,-3.6952434
866,-4.3310213,-23.81263
225,-30.82787,-4.349568
509,14.974434,-10.721761
350,-0.18516159,-4.5441704
1426,21.704641,8.427414
2096,7.1361847,-41.41046
385,-6.0746007,4.250633
1338,0.27076703,-17.089945
1632,15.295687,-10.532882
1652,37.184963,2.6992247
1628,-2.0554576,22.733927
366,-23.923542,-3.7540863
720,14.1053705,-5.9456477
1922,-10.809666,-5.531694
1868,-9.424859,3.6865017
46,-2.9582686,7.1721263
187,-11.206038,21.609476
439,28.772898,1.0575503
1087,23.91789,5.535018
1686,-7.1862288,5.8254905
929,-1.0162927,-15.038201
326,-4.001141,12.6014
1070,-8.346994,-3.697489
705,10.3703,15.350294
1691,-2.1123567,8.27207
522,12.196744,-5.5028586
457,-7.0426364,-4.052518
336,14.580138,0.37190533
437,33.077705,1.0224622
2087,10.169167,-41.537617
1720,-29.740307,17.542315
949,6.760156,16.246637
293,1.0780857,14.403641
408,-5.8229756,1.5298808
574,5.9759135,-17.66731
779,9.093334,-7.69471
1835,-20.092258,-0.17533989
2011,4.717837,-39.988457
899,-29.409668,12.068612
1676,6.381077,12.046739
297,19.094755,7.5499015
1224,10.063462,-23.099854
105,5.4508038,13.664346
2044,5.597015,-42.41619
975,14.986495,0.7744329
1838,15.368269,-1.516653
907,31.306803,13.9281
639,-17.194689,-10.9992485
521,11.32922,-7.0633135
9,11.417818,12.31537
76,-30.856184,3.2381127
1270,-29.346945,-8.519578
106,-22.301014,20.809814
486,13.19063,-9.846812
404,7.183619,18.07183
1801,1.3273479,-22.35807
24,-2.112428,-7.0972376
1641,-0.8889976,24.22897
399,-6.9411774,11.0822935
30,-14.438447,-5.9652596
933,-0.97018915,-14.464911
1064,-3.4542053,-17.045124
40,-2.0216422,-1.1825653
1081,16.028688,12.356195
936,-12.112634,-3.0259883
1073,2.3132944,-7.6475153
2054,17.530056,-43.731888
1949,12.65882,4.9357305
2045,9.958524,-39.410202
1294,-13.956144,-5.628949
719,33.166374,-1.6144557
2043,9.794921,-42.798935
913,15.254958,1.7385459
650,33.46473,-0.3091512
604,3.6861184,-1.9474016
1522,30.449076,-0.7270401
1231,-1.0951457,-9.822781
37,31.47832,5.1563387
29,-0.56872797,-10.986174
1998,16.87548,-42.512096
1451,-25.27818,21.184217
832,-25.667484,23.694527
309,17.958559,13.394616
552,2.49996,9.521512
1193,11.731223,2.8328319
2003,11.427178,-39.480682
1574,-19.046186,1.0194774
1685,-28.37941,-6.9315867
1307,10.909163,7.716972
2110,15.147038,-40.111458
1707,0.8470142,19.932823
107,-12.347416,7.484818
884,-22.340548,18.372272
17,-5.279477,-12.382858
791,-20.935957,10.617271
412,-4.888077,1.8382926
324,-2.7795744,-19.96168
182,-22.28381,10.04292
658,-20.310518,-4.83901
2097,9.329644,-40.491528
410,-22.7849,11.134989
1213,-0.074457705,-6.466788
407,-5.5436172,2.1686769
1154,5.5554495,-14.1272955
1865,-2.198621,-5.0406795
594,-19.377892,10.868651
1889,-0.03767422,-11.601797
568,-9.299681,-3.1290212
1475,-26.040426,11.15218
1503,-25.815489,3.0437999
546,28.648449,2.8530822
1299,-2.3967648,4.330141
1181,12.830723,2.6558568
400,-14.791086,18.853287
1066,5.4003067,1.5934271
1932,0.434272,-19.934374
712,30.456318,-2.2171917
592,20.70358,-20.531612
1748,-29.641563,-8.553151
539,4.9986115,-6.7366977
1934,0.76109433,-20.799591
892,30.58537,2.8729625
1506,-25.457075,2.5749965
564,11.158489,-13.57573
781,-9.094582,9.627895
1830,-22.133377,-17.596825
618,29.522783,-3.507689
956,12.30484,12.133448
1380,-4.000052,-11.231001
1694,-0.6978152,3.5077999
2026,4.7826366,-40.719746
1281,3.3445528,-13.350719
1699,-19.49701,7.6839094
1383,-3.7417305,-10.84137
1025,14.929857,13.579077
429,-16.842037,-4.4062104
1325,6.015929,7.857787
974,31.842253,9.815725
1542,13.058079,3.3559988
1908,4.0752635,-10.611867
2109,17.767124,-43.64259
1219,-0.036294356,6.2436595
414,-4.8276944,2.0157843
1346,6.598339,5.2911277
668,18.336342,-10.772603
987,5.157502,15.592683
743,22.34791,5.342863
1914,-0.42142832,2.048165
321,-17.513786,8.185491
1779,37.417233,6.3096886
1905,9.539178,-22.550865
958,-26.769827,23.351053
479,7.4381704,-5.19669
255,-22.65722,1.0037788
1339,-0.32571307,-19.205963
1834,-18.8086,5.282541
512,8.232701,-5.3971033
1820,-7.8209047,8.880579
124,-3.7733839,20.483973
1437,-9.796167,11.235275
1322,-1.8472959,-3.019252
2060,12.939579,-39.863785
751,-7.928755,26.012888
1600,6.905598,-8.45111
886,-0.74770576,-17.360506
682,-14.891304,-8.288737
1109,3.8271859,-12.544031
713,17.506243,-10.5546255
1733,-15.92552,14.454547
1163,37.62129,5.1906786
879,-25.368263,23.6606
2029,9.20765,-37.31081
1050,25.04877,-5.293922
669,10.035435,-9.569589
413,-5.944589,2.9312508
2121,17.702019,-41.182667
215,-17.022942,21.25052
1920,28.706198,2.9069915
140,-22.877281,13.349837
2010,8.018243,-41.377045
1434,3.1981473,14.4544325
1036,19.327703,1.7929446
1717,30.568533,9.15159
1111,0.081159644,-13.13068
206,-27.66212,8.172438
365,-26.519533,-0.72062683
596,-11.54509,18.479498
1214,11.267887,5.2129765
1944,9.955626,6.970848
1517,10.389859,-0.85039836
1417,-21.399086,7.6137075
247,-15.018992,6.773694
667,10.995922,-11.857472
1692,29.692482,3.3339157
2090,7.884787,-42.345924
1302,13.247694,1.6612723
1118,-4.4007134,-11.238609
44,32.906643,3.772189
1404,-5.5639086,-7.6503954
629,-15.97852,18.906982
1179,10.5307,4.2914424
394,21.245956,6.3902187
1271,-6.813233,5.7529235
1790,36.36589,1.0414757
219,17.962503,10.223275
1951,-3.3842463,-15.012017
850,-29.894054,-4.0492034
681,-14.670457,-11.572795
1079,28.32501,7.2324395
2128,8.080276,-39.370438
699,-19.047977,-6.46366
1033,-28.607191,-5.036916
263,-24.26656,25.595957
727,12.117278,-16.349497
1141,-30.439095,-0.5016967
1532,7.3493433,-7.053366
920,-10.379612,20.853642
2000,16.566738,-42.58028
717,13.664187,-7.1936474
1597,6.037652,-8.190608
26,-6.6610527,7.467151
275,-14.158728,21.766582
212,-17.526365,16.091236
840,-15.478846,16.841167
173,-29.167402,2.209579
1004,17.59999,13.245637
1617,-11.200568,-10.031253
1702,-29.370874,9.932151
859,-25.293797,23.993317
801,-18.123188,10.300565
1478,-20.357311,7.069635
904,34.30865,6.19728
253,-20.055542,12.5201645
84,-10.630958,3.3886201
1148,-8.840791,7.389381
1096,-28.978962,-5.782294
335,-9.340112,17.438461
1828,-24.792522,-0.8968239
1356,-1.3060724,-1.6770809
1086,-22.437508,5.5710807
370,-8.897375,4.178877
555,9.2444,8.502306
493,12.045433,-11.881061
266,-14.218063,9.929113
1767,-19.452085,29.63412
608,3.6695216,-1.6844217
812,23.51272,4.1867833
433,-7.103417,-2.9873667
145,-19.867495,27.675858
1644,-22.294022,-0.39647648
70,-4.4309196,18.606318
725,12.072369,-14.336804
1272,36.4167,-1.3941954
1750,-7.2391768,3.0183904
665,-13.841474,-9.846336
1445,-13.310754,2.2158525
1276,27.036049,-0.5291578
775,30.549461,-0.4054473
1095,-0.24905547,-23.121807
836,-29.512531,12.0559845
1606,-16.25803,-9.726925
195,-22.287495,4.1838317
1113,4.6032095,-16.44515
2101,17.369131,-41.96267
2127,11.8042,-40.265606
355,-12.513208,2.30342
632,4.0433245,25.237164
1601,30.601538,-1.3893299
1962,3.2857862,-25.5716
1051,23.76657,10.274522
1192,-8.886248,11.198851
127,-29.04841,3.943546
54,-17.734356,5.3640137
1227,-3.877342,-21.066002
1326,0.99839085,-17.012037
1855,-1.703615,-19.06575
1872,-0.05858217,8.151734
387,-3.801782,0.9688039
1279,-8.918563,-5.805012
1783,8.993031,16.5189
569,-25.063477,-11.588839
345,-18.35555,8.442675
969,11.689664,17.302368
73,35.339226,4.5604563
1548,-13.355812,4.3853197
585,16.676197,6.891067
276,-19.534515,3.0253477
697,-18.501854,-6.1497035
580,8.863843,-8.606551
469,12.00096,-11.516508
1578,18.848103,15.347319
1493,-10.539938,3.8862314
711,16.301134,5.292248
1168,11.7757435,3.7275875
1666,-1.9740907,3.0837176
908,12.355827,16.06971
1260,0.43170336,-1.203469
1598,-20.185171,15.980916
1997,12.135879,-40.84215
1056,12.189897,3.8443747
238,-14.225024,15.286604
31,-7.939343,-12.853784
728,12.602301,8.385198
1667,-21.427835,25.099241
738,-16.29587,-2.7751439
549,1.6376597,-2.0748484
1344,-8.687855,-8.089055
1844,-23.148632,26.532343
315,-15.212401,4.236643
186,-9.988354,11.499051
317,0.78654695,3.497446
1684,6.9418654,18.584803
527,16.117634,-9.490968
1012,-22.915752,15.423794
885,-27.320684,5.2590036
1925,-3.7233512,-16.677305
1595,-28.819605,-2.3244402
1226,-3.3815255,-19.02263
704,12.7094555,-4.0131707
834,-15.585266,5.2749195
957,-20.856066,27.517595
1722,-13.411531,8.973578
787,14.665734,7.361439
1174,-30.028318,-8.930374
909,-16.398743,-17.684048
1900,36.913857,-0.1788391
558,1.7537174,-6.505842
374,15.60581,3.237973
482,6.9452024,-7.168322
1921,-7.1378055,-8.605494
1207,0.71059805,-16.049099
643,25.380661,-5.1456647
793,-22.52668,19.067366
1435,-26.397585,10.764013
1575,8.644581,-1.3545908
1594,17.96577,-6.7180824
100,-23.638466,1.5271852
1673,-24.791698,22.131315
1580,17.476555,5.3246875
1319,-7.70407,-0.4896573
653,-23.796766,-12.059677
764,17.306948,-2.3072562
101,-22.850851,2.6297266
1973,4.576622,-18.55922
1721,18.228886,8.239213
1742,-16.122192,5.903035
1218,1.2310536,-10.909189
1114,-20.678064,-2.111191
1102,-10.349501,-0.92635244
2094,6.759312,-41.20266
1376,22.761322,2.8455791
1040,6.130637,-9.682533
250,-7.9058433,1.5723022
2008,15.890222,-41.123405
1176,13.87111,3.7646065
971,23.440031,13.611963
1221,-10.37942,-5.3250813
21,-5.2791553,8.723217
1457,22.044561,6.586876
1747,-5.121547,-20.3145
1871,6.6624823,8.258355
64,-20.200562,9.644137
151,-16.224794,8.954819
1454,-26.779943,-3.9299827
1523,11.906783,-12.0906105
508,17.953615,-9.452192
1373,0.18839195,-9.755009
142,-19.362688,6.315502
1340,2.3935452,5.1788106
679,17.86503,15.096757
331,32.961887,7.0930424
1407,32.232143,2.98808
119,-16.432964,8.263937
454,6.6323657,-2.100229
1647,-20.161797,-9.84007
352,29.17555,4.2265406
1374,-0.019015837,-12.405857
1230,-28.182579,-8.626366
782,-5.789684,-11.015937
405,-18.384369,3.6490288
730,-7.756734,7.9229007
436,-4.7830954,-16.890486
2004,11.329319,-37.035145
1939,-4.148853,7.2156
202,32.43107,9.400229
992,-24.21824,16.265121
453,8.332836,-2.8473346
1650,28.961199,1.1565955
233,-23.175144,20.25865
1919,-7.7971454,-1.8834826
891,15.858051,1.5107021
1161,-8.958259,-10.01187
1058,12.871558,13.692553
928,16.07508,-15.174374
1248,2.5609834,-10.715782
617,1.0792835,-3.7396722
1002,35.20177,6.851933
157,-0.15247467,11.15065
2056,16.410027,-43.699474
23,7.498396,-10.045051
808,0.6756214,17.330645
1671,-12.261658,0.9004147
210,10.4284,17.807842
1559,19.893011,-20.03442
2084,16.161127,-44.189552
473,14.488216,-7.72478
1677,25.374018,3.4493105
2057,13.8817425,-43.831272
1608,10.51817,-9.042629
1469,-29.381905,9.081266
1931,12.721022,10.493498
600,12.48927,12.250285
22,-9.837724,-7.0669327
11,35.845432,1.3936521
1003,-13.350064,-7.303388
1832,8.464287,-21.791914
1389,10.428264,3.6738832
251,33.418972,7.075174
277,13.719862,16.148354
1408,-21.484333,13.838252
1653,13.328724,19.676498
344,32.14201,6.9678617
435,1.1422784,-0.045810457
533,12.641412,-11.169991
1284,0.17117253,6.230184
734,16.570902,14.117838
577,3.057199,-7.6479716
1379,-2.7407298,-11.245258
441,28.293867,0.75168985
1031,39.177433,7.179961
902,-20.277447,31.303867
1418,-15.095029,5.7757945
367,24.517157,2.5083039
2006,11.008864,-41.34735
1013,-19.333336,25.5014
1633,14.81906,-9.592105
1172,-7.1648655,-15.236572
851,-23.20746,27.068886
141,-23.07661,9.291586
1309,1.7233514,-8.034927
1362,-3.3737662,-8.640136
1467,29.50071,6.1489873
525,6.99243,-19.353315
1347,-2.8383536,-0.37833676
160,-16.787186,2.8023198
1957,-0.90510607,-19.861403
2053,7.865662,-38.062946
1489,-9.940259,0.89074755
1308,-5.4112363,-4.3785195
825,-22.815968,23.729103
896,35.03912,6.622296
1992,16.722773,-43.056282
857,-13.27007,10.867657
1981,-0.63276595,-18.153095
431,4.288754,-1.7465057
1355,-14.348912,3.5741332
1603,-19.132963,-5.473812
2119,15.804322,-41.82617
1099,-20.32613,23.648865
1039,-3.8625572,-6.603422
53,8.704621,4.7762456
1740,6.082993,17.594395
802,-29.99178,-4.8273516
2091,7.5042286,-40.17461
398,-21.58039,17.908983
1955,5.9554615,3.9275715
654,-30.680819,11.393871
756,24.195446,-8.441252
79,-0.13067366,1.9732784
737,16.994205,-0.85908645
19,0.1296333,-3.5053937
1668,-5.3576493,-22.060555
762,-9.159539,0.60471195
1735,-1.9132738,-14.455142
1926,10.874729,1.413351
1498,-24.367933,-4.3748937
1755,-29.77414,17.508442
1670,-9.801054,2.4629555
1209,31.138834,4.554822
1509,35.069023,8.949449
204,-21.437737,9.585199
1579,-13.090474,5.949353
65,3.9734943,21.01127
875,-26.19657,21.8055
272,22.014141,6.9417996
502,5.4591675,-4.6940074
2133,17.090004,-42.779747
1918,2.8093972,-13.1494055
2035,-23.074993,-1.3417683
1737,5.759883,17.348827
934,-27.473293,5.2679887
785,32.33571,1.7651894
1612,-11.42884,-9.922819
1806,32.130623,4.751828
1883,2.449081,-10.322738
1656,30.720057,6.361543
1899,38.189247,-0.028545583
1555,20.247746,-20.200674
1861,-29.398777,-7.0519547
966,25.49023,0.79454273
427,5.1999736,0.7513437
1476,-5.782249,19.840754
1999,7.670476,-40.44144
1349,10.656917,7.3562837
562,11.217213,-15.801948
456,3.7988725,-7.4891644
2025,16.148909,-44.47474
2058,12.443921,-44.14085
1203,33.12887,2.273766
2065,15.959967,-41.795696
461,28.67937,-0.5093472
1481,-21.866608,-6.7400336
55,-17.74021,5.795355
172,-29.077133,1.3148054
1399,13.621,2.6831176
207,-14.484393,12.109868
2033,8.8728695,-37.375587
66,-23.5849,19.754292
683,-17.370401,-7.448085
4,13.80926,18.691511
937,6.6377544,13.433408
664,30.179188,1.3434551
217,18.623287,-0.12230635
2038,6.00376,-40.58246
478,6.8409863,-3.8961372
1688,-7.94972,10.58446
1816,-4.429999,-24.580038
125,-0.6577391,1.9241695
1842,-26.253567,-7.6608124
894,25.03232,1.2511585
1492,11.138754,5.86457
2115,12.141468,-39.52916
183,-21.52952,14.82293
1335,-20.907955,-1.6269577
1689,4.603498,4.5200863
571,18.628532,-3.3658326
1754,-10.1298065,19.906881
1613,31.172857,1.1312671
1342,-1.4518573,8.827896
1771,-6.9610267,0.5079982
1233,-3.5384343,-5.3465366
1930,10.414411,-22.8287
175,15.797798,20.97698
656,-6.1358433,-18.796467
1151,-8.186227,8.168837
804,26.95908,-3.3532872
2021,9.826638,-43.140987
1441,-16.78764,9.24561
1979,-10.845439,-23.897778
520,-5.5461907,12.722679
745,-5.9032593,-18.229937
455,-29.543535,-6.926384
1054,-26.758877,-8.555351
651,-19.970434,-7.516889
1295,12.54535,0.12740164
369,0.27493984,-2.0218182
1935,-23.248276,-12.745099
1443,-13.997692,9.33403
663,-12.52655,-9.423577
1105,36.54944,0.31160203
2075,8.737521,-38.91246
2113,16.362679,-42.55056
1614,2.1324642,0.4543948
109,-18.837881,3.3323104
2070,11.685526,-41.24711
1274,-1.2244474,-9.3413515
843,10.837218,20.197214
846,21.372583,8.215148
1679,-1.8082206,-22.06533
530,15.45587,-12.910257
340,-15.174789,11.411792
314,0.68132406,23.576399
1553,-10.726382,-23.954226
760,-14.212082,12.10846
910,19.728674,5.7951393
540,6.8663554,-6.911546
156,19.381836,10.043458
768,30.214037,11.57774
733,12.504388,7.961202
1334,4.071012,-15.221746
1282,8.704448,1.2962071
674,32.135536,-0.7394671
824,-25.614624,24.799276
790,-1.3577584,20.009954
1515,3.9612138,-5.505409
291,-23.068626,14.64661
1139,-7.5113,12.494804
1156,29.366652,5.013273
1206,-3.1612575,-3.641166
1736,-23.939169,22.538536
1006,-17.413633,-4.6867986
1964,16.849752,21.672743
114,14.694545,14.206656
1912,2.101727,-21.044798
81,-21.076488,4.226945
1713,-23.143091,6.349021
1538,10.871223,-13.769576
227,-13.757226,23.691427
71,-7.09244,-21.625675
256,-27.18866,-5.1012206
1576,-14.867217,-14.317648
397,13.013426,13.856208
863,33.32532,5.785864
363,-9.665159,4.765881
518,6.864213,-6.763278
170,18.735754,0.30155334
143,-17.521145,11.062242
103,-14.840199,7.79744
652,-14.678698,-8.489616
312,-27.8111,-3.803906
1658,-1.9870874,-7.283936
942,-19.719921,15.217723
33,9.505761,2.8324888
1243,-8.137889,-11.423427
1521,25.531893,5.822769
2061,8.401584,-39.532578
1470,-17.693172,2.648026
74,14.846182,14.919486
327,-3.903528,10.106138
1117,-2.5325165,8.553477
1664,-4.1307926,-5.575687
1419,-13.896848,6.9817686
1204,0.049090676,-7.733474
372,-10.542245,1.9938731
1873,22.569132,-2.232745
1242,4.611044,-20.289417
1160,-2.9018474,-12.74169
496,31.991552,-2.12747
1961,15.587028,2.211558
305,38.069633,7.7037487
1393,8.722733,4.758891
1300,-7.1233883,-13.414281
1197,11.870407,3.0584214
1020,6.787563,10.821437
622,-6.263263,-18.650898
1752,21.626537,2.9083397
1589,15.796677,5.3758273
1802,0.79688257,-8.169692
1698,-22.41152,25.893106
421,6.0609555,-17.829365
998,-22.731155,10.763315
1345,-2.6228552,-2.8070354
818,-13.109665,-16.702263
1298,3.5660145,-1.153569
661,-27.1914,-5.646014
529,18.86055,-10.00275
1409,-12.44223,-0.016009776
666,-17.416946,-9.713579
1268,-0.44035298,5.656714
871,-24.951494,22.835793
2092,8.083717,-41.856155
1845,-12.581453,1.83307
1678,-15.868173,5.5604305
707,-1.877444,11.669018
1142,21.65811,4.590605
605,18.201368,20.800556
1053,4.5964775,1.3607582
122,-18.00714,-4.429104
506,17.34157,-8.406194
1535,1.5954543,-3.4312499
1171,16.300924,19.874825
1870,-4.2105103,-20.983927
1460,-11.24015,20.318731
434,2.254349,-14.470913
1520,13.309582,-11.9537
56,-11.5458145,18.473337
724,24.56498,-0.9540961
839,18.798431,2.2123113
2120,11.495199,-38.78308
191,-18.039665,28.690401
354,-12.701881,2.210728
1421,0.51081157,17.577557
988,-24.079454,21.959846
1700,7.7084575,11.724816
1738,-18.231321,23.67936
1267,-3.6330671,-2.138272
930,-1.3741678,-14.715822
1144,29.990992,-4.712122
1911,35.589127,5.7573233
171,-16.722485,15.8294115
292,5.782461,17.97834
282,-7.5392513,0.7646937
1313,-3.0386078,5.525334
362,-28.968885,-7.466895
1950,4.6223826,2.026414
1077,3.2130659,7.949462
915,13.052975,-0.55918074
1084,-14.598378,16.443476
777,-23.667433,-10.798913
557,32.152428,0.5072538
265,-16.824083,8.6814995
806,-17.423214,12.373017
649,-15.354196,2.1837983
1076,3.731859,7.0498004
43,4.8513064,-18.296328
337,-13.075719,18.887135
1800,0.7917465,-12.253168
1241,22.407183,-2.181127
918,31.598936,11.916772
1917,-30.043783,-8.642236
623,33.48398,6.3283005
1471,-19.4247,25.3912
684,-17.680256,-4.7945094
1837,-2.928569,-3.5737345
1615,-10.984709,-10.249007
1266,1.2943348,-8.659003
1788,-27.863695,-8.555837
409,8.330524,-0.56572783
1776,-4.750301,18.25525
826,-17.307487,7.647962
112,-23.14555,26.413187
865,-21.493778,23.945177
1320,-18.252953,-3.0371375
481,31.897152,-0.63608783
965,-16.724936,0.17990234
1261,0.2626156,8.093918
1145,6.6908407,-36.836826
1429,-19.359959,15.877257
1413,-21.074154,7.276142
1041,2.1264522,-7.8466873
2078,14.978773,-40.56949
1187,-26.788557,-8.528695
1729,-11.161553,8.141026
48,37.07374,2.6357687
1586,21.372976,17.275599
459,-9.651471,-4.1592975
926,-22.236664,6.29568
1162,15.828619,17.03139
311,14.965514,13.493548
189,-14.1652,0.47633892
978,-17.509775,23.938675
1991,9.504619,-34.97427
1665,35.622116,-1.0873975
185,-12.790086,16.299728
10,21.873987,-0.8409817
2014,11.330618,-35.916023
1501,34.021236,9.582033
499,13.352461,-10.20764
358,-12.786052,-0.93255633
923,-19.064533,16.797922
1897,-7.1738553,-13.488972
1823,-13.650694,20.242352
944,30.138803,7.777929
678,-12.643573,-10.630872
278,-21.783464,2.7493641
1518,-0.50247276,-12.415082
1886,0.7301547,3.5886035
2066,5.9604955,-41.91278
349,-8.380978,17.15421
2037,6.23599,-40.555813
2051,6.7928762,-37.88034
1728,-20.809946,8.408219
1134,33.30264,7.6275215
822,-20.987728,29.197886
1879,-10.260047,10.748067
1228,5.361256,-21.042276
1466,-15.773048,26.138344
1716,15.750588,10.439207
1945,9.675073,6.8460608
1158,31.55037,3.7229505
2030,16.883537,-40.36336
1331,-2.4075906,-1.6772429
348,-8.986975,17.184088
538,5.8361955,-6.7293158
1836,-23.821348,-12.226605
1687,-11.0594425,-2.633848
1097,-2.0764582,-20.508713
1128,-3.2031388,-7.949325
88,-17.64735,14.042827
689,15.9317665,-9.968058
532,14.280654,-12.681588
364,-26.813534,13.734434
1696,-11.296288,-2.5054345
1032,11.667343,13.830063
610,1.5939889,-1.810305
1363,24.650192,3.9530566
1395,-31.491806,-7.268082
1017,-21.530643,12.2104
1875,4.8276653,-21.237497
90,30.10054,5.705305
1173,-1.4916582,2.6921751
789,7.504747,11.926272
12,-2.0714831,-5.9614334
2108,15.759777,-43.940292
94,14.071871,21.450071
1818,-17.973246,7.727926
505,16.303986,-10.3641815
1180,28.696,5.258982
164,-15.025268,8.676563
474,1.0956062,7.5733724
1304,5.9309545,13.619922
39,28.188305,2.620924
1297,-19.720444,-3.001107
841,-11.289129,13.020405
1815,34.115135,2.7536678
1551,5.3214207,-23.218107
1080,11.628238,10.138064
1903,-1.2706335,-8.513918
1988,-4.3739777,4.434307
1153,5.3184824,-21.226229
798,-25.300055,20.266254
1563,20.25665,-20.204557
1016,-22.71336,12.252826
208,-19.07519,1.7890353
2015,11.450549,-40.904064
80,-29.081335,4.191588
159,-13.294731,13.638192
104,4.4973645,4.728782
1368,10.315936,-23.35523
1415,14.774852,23.064827
1938,2.8401577,3.0404692
1841,-18.908295,-11.903642
1015,-5.377508,22.418182
205,38.820435,7.1122837
475,17.706379,-12.59102
244,-22.133957,0.42900303
776,10.545767,-22.911785
845,-6.2462554,14.640408
260,26.27818,8.4661875
1049,-17.120117,-2.3338058
1392,16.832144,7.694677
1191,-22.87471,-1.3389454
267,-18.527273,14.046038
1749,5.353506,-12.811601
32,13.026935,6.813495
1887,-0.32509083,-23.198666
1275,33.94719,2.631239
831,-18.392653,7.5005956
1624,-16.837685,-10.804705
472,6.649549,-19.402746
1709,-12.843302,-19.132345
1059,19.462343,11.787042
1807,-12.529109,14.485857
1734,13.287962,-18.993013
1378,-10.922436,-8.180382
1027,-5.087473,9.943066
1391,12.473227,0.8584507
1505,35.492233,8.011719
1848,-11.474801,-2.4677775
867,8.943737,20.51261
1175,-0.22384304,6.3838925
815,-13.23871,0.95613503
755,-27.153498,-3.8008142
1124,-20.321037,-14.799038
2001,17.863903,-42.915604
448,-26.16387,-7.56702
2132,17.350826,-42.73296
379,-30.406784,-4.8563557
487,12.607547,-12.366885
1152,-9.067747,-12.5365505
1569,20.248522,-20.06094
69,-20.365063,11.022839
268,-6.8671246,17.706917
1094,24.051228,5.371084
807,32.200653,5.570037
1252,-0.38296098,6.7024345
621,5.9525876,-19.423325
1330,27.93852,12.537315
1194,-3.3594844,-16.292944
271,-15.660287,9.034476
1620,23.371447,18.7017
99,-3.2795422,9.9250965
121,-14.980953,-1.2293992
1390,-5.435574,7.87509
1723,-23.360832,21.602842
560,11.193211,-14.177118
1878,4.671918,9.41
1072,2.68792,-7.37321
687,-1.9621867,22.90498
1491,-6.8314223,15.862301
553,-2.8449836,7.185939
938,17.776016,12.486649
147,22.115007,7.309216
581,9.38832,-4.275898
628,18.483418,15.805239
286,31.363867,11.864569
1182,-4.0502152,-3.8610437
2019,5.2364736,-40.890514
1813,-7.4692745,7.2483473
1315,10.373204,-23.232569
52,6.6724215,-14.016774
726,10.109357,-16.64067
98,-23.581438,12.651628
1159,-1.5781474,-1.6504358
1071,1.1007593,0.057330288
1792,-8.556976,24.374943
1188,7.358054,6.288665
1296,-2.8713262,-18.392057
497,14.600888,-8.347217
1990,15.750225,-43.205948
1201,-10.848593,-13.49098
1825,-9.119151,20.717505
723,-22.103966,3.2357106
1533,14.547807,-12.196727
583,-4.466201,-1.9547334
243,-5.865768,19.66416
1821,-7.8697753,7.985324
754,13.576209,19.474895
2114,17.944754,-43.07453
466,31.511328,-2.2437532
467,11.413088,-11.326749
582,10.501525,-3.185063
213,19.511803,11.594871
1909,3.4366283,-13.186019
1552,-10.478716,-24.124897
675,5.2790685,-0.89036345
284,18.496988,10.814682
1969,-9.971917,18.746534
2020,10.150697,-43.810223
1262,0.08343051,-8.965016
1616,-11.434829,-11.390959
2009,7.2222586,-38.897186
1150,2.926698,-11.849449
376,34.388657,8.541887
984,31.678804,3.0452387
1786,1.6270856,-18.551678
1570,20.727526,-19.685568
550,-2.3241131,18.201298
149,16.050392,21.958101
339,-12.811881,8.5321045
1372,-1.4805143,2.8361573
93,31.061052,8.2838955
15,23.059095,-2.5722196
1082,-13.985767,10.899593
766,-22.450516,21.962595
2122,13.32263,-42.328922
1780,-19.629436,8.598493
1045,24.743244,15.5044365
854,-29.069242,0.6205693
316,-21.082706,26.610937
1026,-11.335524,7.127905
1808,4.115809,-0.059368957
279,31.046467,8.116504
368,-10.011453,1.5483564
330,-16.97413,18.264465
588,23.29889,7.3873615
395,21.177277,6.4695454
462,3.877651,-5.1331134
1893,36.29612,0.7664939
1591,-16.199991,-10.623833
1461,-5.3098416,20.47875
169,32.169285,9.489807
342,-11.647477,8.998364
1359,2.7909765,5.089982
1411,-18.652534,22.697926
1394,-3.208129,5.841832
391,-24.290302,21.424511
489,11.143076,-10.453159
1273,-0.57470816,-9.8194
1739,0.99201304,-18.424625
954,-24.541344,19.164507
411,-4.621559,1.9439905
1232,2.1520143,-9.718754
1360,0.42071998,-10.665442
1483,-21.679394,-6.6858206
1573,-1.933247,11.523309
1784,3.7300572,1.7923224
420,4.986931,4.1149335
962,-11.732041,11.740044
1254,-3.5947442,-20.325396
906,-11.336199,5.8081136
1768,-12.448228,25.690796
752,-13.478541,-3.8763921
1425,-19.089579,24.63478
2072,9.885306,-44.336346
1582,19.285542,-8.104209
1103,-26.51336,13.76722
695,-5.9871054,16.342587
67,-23.107595,17.137177
614,6.377516,19.028515
602,5.470943,-2.5180857
1164,-5.5613303,6.090763
1683,-16.086756,5.096404
999,-2.044185,10.064412
1799,15.38331,0.028107682
2077,14.088569,-40.444946
1643,-17.123674,-6.6684413
599,-23.499403,20.914812
239,-16.721592,10.43187
1052,-6.238578,-17.444864
307,-20.203344,4.9637165
1178,-1.4780239,-6.1686826
34,-24.945772,0.8135588
2083,5.4341793,-42.524208
422,31.502678,1.7661076
1705,28.465487,14.572543
700,24.984081,6.3277926
1008,-6.8038125,-10.265019
586,27.816462,8.819163
644,31.840942,-2.697991
657,30.467136,0.6788212
1508,-0.47201216,-18.068285
901,34.863956,5.8433285
693,17.922335,3.9582074
830,-4.7166367,11.5346155
58,-17.899914,14.724178
406,3.7942765,11.685139
655,33.36015,-1.3969359
1895,-8.85077,-6.0702624
1222,-4.3693237,-24.809612
1787,7.197376,6.4322343
450,12.47864,10.398244
289,-25.993338,17.848957
8,5.7842655,5.447517
1539,-1.7122829,7.918954
1286,-3.9705532,-13.866095
1850,-5.090499,-19.386774
2048,11.406031,-40.44385
1651,15.370934,8.851583
1795,-3.9715414,-12.813912
1447,-15.084872,0.65620446
1545,-1.9243681,-12.630108
941,-6.4684353,-0.38753414
817,-5.1015544,-20.545933
1968,4.5602417,-10.454337
797,-24.363903,20.822279
982,30.830046,3.6190965
1061,-30.474257,7.3756604
445,1.1555792,-19.444689
1502,-7.6312857,12.559382
2112,5.9021173,-38.15812
485,30.303202,0.8949437
359,-9.326294,3.1518102
1422,-19.53817,-1.3276596
2062,12.174391,-39.11929
375,-3.7262762,-2.0321405
1486,-8.728087,16.597546
418,-5.288557,1.8904527
572,3.4634416,-2.2744164
1110,36.515724,8.524097
126,11.679571,19.94983
1482,-31.710373,-5.9808555
883,4.5073943,16.135477
609,28.049603,1.6401964
301,14.835779,-2.3246517
1333,-0.25335535,-5.7021565
973,-11.588915,8.758974
274,9.034286,17.753927
1769,8.497935,14.161966
428,3.8078973,-9.002204
139,-21.732185,1.039003
888,-21.52883,16.498894
2028,6.963443,-39.677174
190,-10.479626,12.580045
619,1.7556771,-4.65923
377,28.47497,4.6488194
640,-15.408503,-11.241659
491,19.9095,-8.541
624,-15.103922,-14.104644
589,-18.017275,3.1265898
492,7.5802593,-19.087255
1246,12.184227,-0.23844403
1987,4.8649335,6.290545
318,30.216661,11.837208
1106,-6.8236384,-12.258686
1703,-23.647738,9.300132
1264,-15.862045,-2.6652756
110,21.749546,7.310962
2088,17.006655,-42.17238
759,-11.991796,15.598837
1534,-28.865303,-7.762346
241,12.494554,17.283035
692,4.495367,-5.6189723
784,23.43848,2.942061
1953,22.014763,-1.4099799
1744,-7.4769373,-21.416153
849,-9.168319,-20.87325
1511,-4.847113,2.854504
111,8.056651,17.627968
1785,2.4634728,9.247545
1672,-14.42317,6.4107814
1592,-16.226002,-7.95656
1718,7.7665386,12.716828
1215,11.947153,2.7291114
796,-20.650396,15.612608
565,-9.70955,-3.8819003
1940,-6.919922,-1.5730995
1130,-11.583015,-23.817356
1024,18.516838,1.4009687
803,-17.101477,11.115917
1611,-6.418286,13.133312
1645,5.9164505,-17.962822
89,-6.5068917,-23.229576
972,-15.07221,10.091687
136,-19.09352,12.741879
357,-10.123112,-1.5696931
218,-20.105663,16.804762
245,-20.111744,3.0981326
1468,21.382814,7.81747
2042,16.634563,-43.998363
1882,-0.18621716,10.205337
1365,26.866621,3.6330385
1527,15.541638,-9.257583
1412,-18.189793,23.7032
214,-11.211218,5.648479
1189,-12.748553,5.296757
1819,-4.573525,13.438845
710,30.184881,-3.9602687
1891,34.896786,0.6478094
703,-21.244986,-3.2977262
1851,-1.1065649,-20.235199
2100,7.879028,-41.374744
1540,1.7212046,-15.768856
1655,-18.3721,22.041058
2089,6.166199,-39.344658
556,-10.879855,17.107626
1824,-23.013855,21.562796
799,-1.9426595,17.20336
1375,-26.908241,-8.684761
123,3.338159,14.973237
1075,-3.0981636,12.062447
388,34.149677,8.702943
62,0.10998393,12.816503
1649,2.7515054,-16.591951
1876,-1.381776,-11.3157215
1581,-16.04556,-7.1400876
199,-18.01767,11.469963
1793,-16.39886,1.7652258
1143,-5.4274654,3.3297071
323,29.056458,7.9133673
1927,10.286237,-23.045784
788,-16.459616,16.095184
1205,-4.010849,9.012298
1858,37.859745,1.1867115
620,-6.2468405,14.57574
1316,-5.3540297,-8.168776
670,13.221791,-9.198255
953,-25.923346,20.400133
919,-21.595646,27.42147
1701,14.485403,11.771153
152,5.6839333,22.531782
423,-10.125196,-8.856313
193,2.0089588,11.96607
378,19.588556,7.4565144
1324,23.908892,-5.062864
1772,-2.8868701,-20.55842
50,2.7886243,-1.59582
2023,13.529738,-43.63424
470,12.656021,-11.884245
1803,-10.9314785,-4.923643
528,16.658987,-7.8460255
1833,-26.104988,-8.146287
2046,7.6626987,-39.624554
847,-15.087466,20.520582
1007,-30.483047,-6.2605824
83,15.116293,10.915355
1078,-22.10298,-4.6028457
534,8.785595,-8.799645
1974,27.772131,8.516545
401,-18.322346,3.936935
1136,4.774812,-14.541021
1450,-8.276894,2.8370478
1405,-3.7194614,-9.363889
715,11.811641,-7.7981987
1727,-14.889547,16.281307
1067,13.344362,4.6552124
1195,12.197017,1.2899717
748,-24.348722,6.751982
968,-23.029608,7.9353123
1237,-11.737884,-15.379102
1464,-27.1848,-6.0205913
85,-11.24177,1.8472222
917,-24.812513,-0.8957196
196,3.3106468,12.804296
1364,-4.8258715,15.014473
1761,-4.709592,-6.3056064
1869,14.857086,17.60334
1277,7.070549,2.1724079
75,17.27745,11.2642
500,10.80848,-5.1710677
1675,-22.848158,15.506032
1763,-7.185462,5.762066
442,8.204668,-1.5368146
1301,14.254803,5.87961
38,4.1131,3.2393606
1289,-7.43894,-12.120771
1428,-16.83941,-18.325117
531,15.494714,-12.902651
561,21.183477,-5.132372
1936,-2.8980975,-10.232275
1057,-9.356483,10.820526
2022,13.916515,-44.203983
1577,-3.7109566,16.09206
1593,15.995711,5.661258
1463,-20.73957,4.8979225
1442,-16.982134,18.423065
179,-24.35161,9.562813
1954,-8.564971,-8.287462
1623,-6.5196834,16.743042
1488,-9.520064,0.13976409
994,-19.917456,26.564098
1166,-5.8218813,-14.847501
559,11.814985,-13.935025
676,9.00112,-5.864154
180,-17.549137,11.155841
1765,-7.216983,0.3317722
1859,-29.567034,-7.7284355
464,10.4277315,-11.466673
480,6.904868,-3.5960324
132,0.9765901,20.796177
1980,-7.980574,13.729328
1646,-7.3426657,22.568495
220,7.4315195,-17.37639
1773,19.52882,11.800462
548,2.036816,-3.0693085
749,2.299582,13.887989
129,-20.649406,18.370228
1184,-3.6201515,-3.2851486
991,-22.026394,27.57809
1085,-11.881407,2.6036026
1436,-20.238083,2.2206435
827,-17.736124,9.174598
1928,14.976556,19.180586
14,-4.5349092,-3.8333433
295,34.369072,6.7684216
2117,11.839867,-39.350876
426,-2.6707013,-9.57909
1430,-18.834932,18.030602
1253,-8.27197,-11.4087715
878,-24.90207,6.6320744
765,-11.425497,1.2966969
716,4.3281884,-6.1942596
1588,-26.099539,-6.6379976
2116,12.002283,-40.053867
1259,-5.7259436,-13.253209
1060,-5.006737,16.949745
576,4.072372,0.48431087
1669,31.124836,13.40999
870,-24.33904,23.324389
1499,-18.82703,-0.54294133
537,31.67874,-0.9598282
1157,-1.7777208,-13.048365
770,-18.53237,1.2841562
702,3.2330585,-16.937828
2067,7.906753,-38.825665
1634,16.71859,-12.225372
1514,-4.153386,3.60536
254,-21.376713,7.276671
960,-14.586729,0.62779576
1976,-11.21828,-23.81382
1336,2.8873112,-18.46261
1035,18.908394,2.1101894
1959,6.554411,5.000982
554,0.5904894,-19.550047
1867,-0.65294546,-7.380683
718,-17.939877,-5.5172668
1021,-13.812232,4.401364
924,-26.902725,22.052998
1397,-8.774176,6.881022
1831,-5.3143053,-15.085879
1439,-15.985599,9.40438
1202,6.0369334,-10.896727
1781,-23.196829,25.04173
1880,-31.87552,-7.3173127
858,-9.585026,-18.644817
698,-16.262896,-6.0977445
1626,-15.376049,-9.681222
694,30.593729,-5.0354114
