,mean_fit_time,std_fit_time,mean_score_time,std_score_time,params,split0_test_silhouette,split1_test_silhouette,split2_test_silhouette,split3_test_silhouette,split4_test_silhouette,split5_test_silhouette,split6_test_silhouette,split7_test_silhouette,split8_test_silhouette,split9_test_silhouette,mean_test_silhouette,std_test_silhouette,rank_test_silhouette,split0_test_calinski_harabasz,split1_test_calinski_harabasz,split2_test_calinski_harabasz,split3_test_calinski_harabasz,split4_test_calinski_harabasz,split5_test_calinski_harabasz,split6_test_calinski_harabasz,split7_test_calinski_harabasz,split8_test_calinski_harabasz,split9_test_calinski_harabasz,mean_test_calinski_harabasz,std_test_calinski_harabasz,rank_test_calinski_harabasz,split0_test_davies_bouldin,split1_test_davies_bouldin,split2_test_davies_bouldin,split3_test_davies_bouldin,split4_test_davies_bouldin,split5_test_davies_bouldin,split6_test_davies_bouldin,split7_test_davies_bouldin,split8_test_davies_bouldin,split9_test_davies_bouldin,mean_test_davies_bouldin,std_test_davies_bouldin,rank_test_davies_bouldin,split0_test_adjusted_rand_index,split1_test_adjusted_rand_index,split2_test_adjusted_rand_index,split3_test_adjusted_rand_index,split4_test_adjusted_rand_index,split5_test_adjusted_rand_index,split6_test_adjusted_rand_index,split7_test_adjusted_rand_index,split8_test_adjusted_rand_index,split9_test_adjusted_rand_index,mean_test_adjusted_rand_index,std_test_adjusted_rand_index,rank_test_adjusted_rand_index,split0_test_adjusted_mutual_info,split1_test_adjusted_mutual_info,split2_test_adjusted_mutual_info,split3_test_adjusted_mutual_info,split4_test_adjusted_mutual_info,split5_test_adjusted_mutual_info,split6_test_adjusted_mutual_info,split7_test_adjusted_mutual_info,split8_test_adjusted_mutual_info,split9_test_adjusted_mutual_info,mean_test_adjusted_mutual_info,std_test_adjusted_mutual_info,rank_test_adjusted_mutual_info,split0_test_clusters_count,split1_test_clusters_count,split2_test_clusters_count,split3_test_clusters_count,split4_test_clusters_count,split5_test_clusters_count,split6_test_clusters_count,split7_test_clusters_count,split8_test_clusters_count,split9_test_clusters_count,mean_test_clusters_count,std_test_clusters_count,rank_test_clusters_count,algo_name
0,3.0409536123275758,0.0558143937961829,16.357844996452332,0.09796325088980844,"{'cluster_algo': SOM(dim=199, m=1, n=2, random_state=23), 'cluster_algo__m': 1, 'cluster_algo__n': 2, 'reduce_dim': PCA(n_components=199)}",0.056168556986031126,0.00654010481461716,0.01921944772326622,0.035011012711592286,0.05110654690788693,0.06749857707161507,0.01475144667603799,0.02091522751507716,0.06118310270140709,0.04789663791743985,0.03802906610249709,0.02047239166542692,1,25.143071761191084,44.13705412828206,13.58152501978878,23.24371024479625,50.667812313790776,30.061786995125992,23.12025976448039,28.10136587042652,44.97613258389753,40.5230080927769,32.355572677455626,11.385467773066843,1,4.452190915465613,5.191744231532348,3.865188513712853,5.821583301301114,3.7692812000293667,5.342841712249916,3.9315007815571175,4.8794422941115165,3.893237201188508,4.019527401463729,4.516653755261208,0.7027165363512349,18,0.013354898622513533,0.03392029724259323,0.017943441572011283,0.04428260998222943,0.05639452858457601,0.012913063329020058,0.02120236309084611,0.03412142066143249,0.05493756878296495,0.04990790115674379,0.03389780930249309,0.01609682713614305,24,0.05939585585127238,0.19505042027899858,0.08862419739639969,0.06555591016900077,0.12968241622811494,0.07563151780516378,0.06985987212025223,0.13668696647822745,0.07438761440268844,0.08607924587704213,0.09809540166071604,0.040671635626103576,24,2.0,2.0,2.0,2.0,2.0,2.0,2.0,2.0,2.0,2.0,2.0,0.0,24,SOM
1,3.125034976005554,0.03495242451858165,16.416603016853333,0.052619546815592895,"{'cluster_algo': SOM(dim=199, random_state=23), 'cluster_algo__m': 1, 'cluster_algo__n': 3, 'reduce_dim': PCA(n_components=199)}",0.02390897726095817,-0.002008902509302531,0.030895706248218604,-0.0008732760951463405,0.01672012273335832,0.0495517829749624,0.016209218741483386,0.014060911415608114,0.0035357442770493483,0.006652210062416303,0.015865249510960574,0.015053450856170788,2,25.82089926241364,17.044599837360128,23.65563403662833,11.554178514346352,26.288969307596854,28.912043835671998,12.640684709688285,22.111233453165394,27.758295123563972,28.203574771920465,22.399011285235545,6.122438553669038,2,5.402855170537431,4.008790155947962,5.432865530922517,5.354762640319085,5.021135812566013,5.433068593167785,4.440154420528104,4.370169465081703,4.979303944884719,5.070533923713776,4.95136396576691,0.48351584974691597,4,0.07474441045868109,0.05150606231521485,0.08331210878702433,0.07717546271072369,0.05772615889319492,0.06973098951305871,0.05789401286400354,0.10021215501895672,0.03218773135809732,0.05730966650089224,0.06617987584198473,0.01802265846950099,23,0.16138072201417056,0.1976667704600152,0.17195067516019105,0.12413947941846788,0.15324161879513626,0.19021638516230682,0.2125094101700386,0.17788670795615255,0.1619797080888996,0.23631336164002462,0.1787284838865403,0.030340489468804542,23,3.0,3.0,3.0,3.0,3.0,3.0,3.0,3.0,3.0,3.0,3.0,0.0,23,SOM
2,3.1218029260635376,0.036328014569736534,16.622571229934692,0.11052324231786503,"{'cluster_algo': SOM(dim=199, random_state=23), 'cluster_algo__m': 1, 'cluster_algo__n': 4, 'reduce_dim': PCA(n_components=199)}",0.011084240034980467,0.014814960537954183,0.014828836478901318,0.012100693792314206,0.021908373353816794,0.004461769066878879,0.02076991627734045,-0.0009539768548727844,0.010505528090468333,0.02509903689385935,0.013461937767164117,0.007542800565308858,4,20.086164501434386,21.678047600571016,20.56171390239562,24.819185876871316,24.710381476142015,18.838574848368403,21.11990620883564,20.538782912496604,19.98627050998932,22.98478896611853,21.53238168032228,1.9201989376459585,3,5.074097162910076,5.0988528812470015,4.656959234522304,4.9137688930700385,4.923097101740764,5.0630681115692475,4.64442233363274,5.564359796261703,5.880187744352277,5.580339685458696,5.139915294476484,0.38871144448281925,1,0.11832974715485832,0.044191743983063074,0.12432584805494029,0.06822383601698752,0.09284736232759781,0.0721758055977106,0.06608590340795656,0.06157946456518646,0.07129208286942075,0.1483143445956766,0.0867366138573398,0.03146888676460372,22,0.2651629015686999,0.23163059170678257,0.2534574058783223,0.21722615536579834,0.1797267895167699,0.2141367641785423,0.17589182896972638,0.24817086855503143,0.2185297715957518,0.2905432271143069,0.2294476304449732,0.034326985624191134,21,4.0,4.0,4.0,4.0,4.0,4.0,4.0,4.0,4.0,4.0,4.0,0.0,21,SOM
3,3.141080617904663,0.04544494826347682,16.582769370079042,0.13674264039755518,"{'cluster_algo': SOM(dim=199, random_state=23), 'cluster_algo__m': 1, 'cluster_algo__n': 5, 'reduce_dim': PCA(n_components=199)}",0.012873521161871277,0.0031198577059736916,0.011386480927157378,0.02585463084435844,0.022909230412573665,0.005901434095638468,0.014757899248772091,0.00018356110222289974,0.0022295207803585218,0.011022486776708605,0.011023862305563504,0.008138025355960005,5,17.55502254075103,20.37264763907486,15.249092059475728,18.984080855656526,20.353748495499456,13.5255488925612,18.523302649168663,16.720594471055424,18.027564146640085,19.114602073532904,17.842620382341586,2.069549573534402,5,4.8410961894384394,4.569540756417662,5.713451028701487,4.828871040869269,5.346518047943041,4.439784463757513,4.525239861286709,5.201605875201709,5.243357517024598,4.839227110275591,4.9548691890916015,0.3890378255979336,3,0.10863447348613545,0.07371934400215412,0.06229380037520533,0.09197056456647369,0.04251791364884601,0.09763888201133862,0.08670689094560181,0.1026980907856753,0.11296339806076902,0.11752885641968794,0.08966722143018872,0.022699901484764577,21,0.23144010229710923,0.19804889659141472,0.2843280475346258,0.26222393721350884,0.2888882744415377,0.2880167430115179,0.2668414268848443,0.1494300077606672,0.24752694247187348,0.25951668449806936,0.24762610627051687,0.042151018559954415,12,5.0,5.0,5.0,5.0,5.0,5.0,5.0,5.0,5.0,5.0,5.0,0.0,20,SOM
4,2.8794638872146607,0.1708345664822173,16.348319625854494,0.3259897084958076,"{'cluster_algo': SOM(dim=199, random_state=23), 'cluster_algo__m': 1, 'cluster_algo__n': 6, 'reduce_dim': PCA(n_components=199)}",0.0006508075812997854,0.006869278128610056,0.011187403328656831,0.0030498696007898703,-0.0052476077526709755,-0.012372472020226205,-0.001254551963073228,-0.008986633225641227,0.0024767872286006174,0.015411437812855415,0.0011784318719200943,0.00821449348639989,8,15.880719298110481,15.921379799174806,15.964666392339696,16.242728090349242,16.910885306380898,15.541377892036548,16.016308387970028,16.155537030626082,15.095332835960727,17.961237948183904,16.16901729811324,0.7432554687774601,8,5.0348539917561395,5.520135131139455,4.430673067111748,4.411542079677721,4.809070959162071,4.427301081516728,4.442028495247523,4.459916977379943,5.012253618710113,5.321888182113546,4.786966358381498,0.39491263407715604,12,0.12025917799694111,0.10829842598359445,0.09675564856252195,0.08246911219286565,0.13073550195982236,0.053728695981329566,0.11545714261043868,0.09305934601069933,0.11299959065991454,0.14762646095330872,0.10613891029114364,0.02496069619801805,16,0.24648752993310735,0.21749064896435358,0.2488819696849674,0.2412465168839124,0.28251313873067524,0.21124629378464868,0.26234214661226013,0.22826084660112675,0.22025805480348515,0.264571740308689,0.24232988863072258,0.02199898850799282,17,6.0,6.0,6.0,6.0,6.0,6.0,6.0,6.0,6.0,6.0,6.0,0.0,17,SOM
5,2.7695260286331176,0.027996708395817162,16.196239709854126,0.12254153919462227,"{'cluster_algo': SOM(dim=199, random_state=23), 'cluster_algo__m': 1, 'cluster_algo__n': 7, 'reduce_dim': PCA(n_components=199)}",0.0014657369260531769,0.002869502764562387,0.001108644259991722,-0.010393464981428017,0.012551848696179351,-0.028687145418813897,-0.0220290146101697,-0.019322662188067226,-0.009299647375062559,0.010993267985917368,-0.0060742933940837384,0.013405762171191191,11,15.431030499582613,13.686725350052098,13.590970019647214,17.35657382663923,16.29991276271776,11.101884936296779,14.234760292508625,10.960283636908,13.064355743681318,13.811447505443557,13.95379445734772,1.9352822267817633,9,4.337415747945373,4.731568616354648,5.353074731267812,4.969504125406611,4.8944549712041105,5.493731874166396,4.554614068992538,4.891827749581937,4.9788965995530825,4.858413124833052,4.906350160930556,0.32162635404262435,7,0.04414017424695434,0.09025837674056603,0.09118415851115103,0.08009988424346094,0.11895853580686282,0.13501646229221967,0.1057155786633488,0.09944925546287356,0.09194888595400508,0.12555900076927054,0.09823303126907128,0.024483390427631885,19,0.24270676867945545,0.23188173124145955,0.273326646830477,0.29165494734722686,0.2513028938558488,0.26452199877890287,0.24146993663188787,0.21723030803143306,0.24416373256166668,0.25941513487590356,0.2517674098834262,0.020276587621815053,9,7.0,7.0,7.0,7.0,7.0,7.0,7.0,7.0,7.0,7.0,7.0,0.0,16,SOM
6,2.7836625814437865,0.020683505035799018,16.272445154190063,0.1514461102112172,"{'cluster_algo': SOM(dim=199, random_state=23), 'cluster_algo__m': 1, 'cluster_algo__n': 8, 'reduce_dim': PCA(n_components=199)}",-0.01850355543479821,-0.012512952146535937,0.005226188922932175,-0.010075517079301507,-0.007207313103556276,-0.009847109202602997,-0.0036896432317006515,-0.01919376580551615,-0.04244992658116257,-0.002461238811594401,-0.012071483247383653,0.012286401223847818,17,13.78744446575724,13.434190493068591,11.808474333724911,13.365716263639966,13.828081941610765,12.995837031916487,12.060323858848673,11.83967673990369,12.207309791930255,15.054692258290704,13.03817471786913,1.0056189771332955,12,4.5030263901780465,4.574169025585342,4.4296991313480705,4.507963335661202,4.87638758473077,4.02208809369222,4.517794659180636,5.209409241405812,4.977323862453989,4.19985099318662,4.581771231742271,0.3369307805190782,14,0.1340038808145085,0.10678572246907092,0.1336784812956135,0.09482220838239581,0.12251994543287678,0.11367581043203855,0.10342311661979953,0.08293534880132242,0.09769391452951187,0.09836002007134181,0.10878984488484797,0.016111639217825324,15,0.22347303354078796,0.2319484430131076,0.2491718076991103,0.24071379572297344,0.2411434281185733,0.24246157827168371,0.26730569255904435,0.2641382962266414,0.23091730492496113,0.268696843938642,0.2459970224015525,0.015180863487899768,15,8.0,8.0,8.0,8.0,8.0,8.0,8.0,8.0,8.0,8.0,8.0,0.0,13,SOM
7,2.7674447536468505,0.024666486853242055,16.29904248714447,0.1105893468993471,"{'cluster_algo': SOM(dim=199, random_state=23), 'cluster_algo__m': 1, 'cluster_algo__n': 9, 'reduce_dim': PCA(n_components=199)}",-0.01361618221471306,0.0006098596573786882,-0.03407638110968886,-0.00945602025957954,0.0037153414949031684,-0.01722398487401521,-0.03516708998923426,-0.02445336003207684,-0.02503244197531059,-0.006944992495098825,-0.016164525179743535,0.012819852562569806,21,11.929308077086125,12.849340497357804,11.287167466299085,13.68979710576062,13.019420431130051,11.877509089694833,13.844334978597768,11.768567231247394,11.313666476017493,11.833704927957545,12.34128162811487,0.8906880512638344,14,4.618227905457941,3.9972728642292705,4.441458923469177,4.633118984870874,5.349788623646173,4.60049676333755,4.406498363604538,5.034676743493595,4.077889716851329,4.561747776483708,4.572117666544416,0.3800924247557949,15,0.125851834781288,0.09172746974627319,0.09594117821646095,0.13971526955931943,0.13700273259472057,0.08685452141466322,0.11329500557114046,0.10999252575413662,0.09356019837335257,0.10815088191642491,0.110209161792778,0.01792980879845167,14,0.2630598101851646,0.22540031493467608,0.22830839614076553,0.22735812152988957,0.2319554651083795,0.2777194511622612,0.23920336586004376,0.20742685971465413,0.23668440193224843,0.3248547402575421,0.24619709268256246,0.032276636334975115,14,9.0,9.0,8.0,9.0,9.0,9.0,8.0,8.0,9.0,9.0,8.7,0.45825756949558394,12,SOM
8,2.762346339225769,0.016366947831897412,16.366661548614502,0.09879450254423708,"{'cluster_algo': SOM(dim=199, random_state=23), 'cluster_algo__m': 1, 'cluster_algo__n': 10, 'reduce_dim': PCA(n_components=199)}",0.0021726743374361934,-0.02502771101281309,-0.020499634111583214,-0.005586067016023727,-0.0057293765181844645,-0.009796669369109674,-0.0022292750347047705,-0.014321404376320283,-0.020531083613599635,-0.0047206468205206,-0.010626919353542328,0.008578545934625162,14,11.068588156999395,11.663311189107457,10.361853077983138,12.462086096504018,13.527359315917765,11.092400848991321,13.16186098730439,11.99296910115942,13.071800160892076,11.112601247108943,11.951483018196793,1.0147493541676442,15,3.970806380264,4.239426713933501,4.696803770856036,4.755391923530931,4.744611492356421,4.225830877889664,4.429056463320592,4.379379195145723,4.296269849744796,4.2735912937424985,4.4011167960784165,0.24524985897954366,21,0.12866946552945716,0.08484427214704461,0.12324272453410413,0.09617516811066264,0.11638624018674948,0.12268856145112156,0.10109175138074752,0.12004256907698713,0.11842233767436623,0.1125667438797867,0.1124129833971027,0.01322553634704808,12,0.24904884089495793,0.26278765024176814,0.22736949182110552,0.22624575624297147,0.23833719081596622,0.2435786164071448,0.2561405536895243,0.24288110547258415,0.26368746364703055,0.25711806696694084,0.24671947361999935,0.012794014415359432,13,9.0,9.0,10.0,9.0,10.0,10.0,10.0,8.0,10.0,10.0,9.5,0.6708203932499369,10,SOM
9,2.7551714181900024,0.025880439554985094,16.27459752559662,0.05263602193407606,"{'cluster_algo': SOM(dim=199, random_state=23), 'cluster_algo__m': 1, 'cluster_algo__n': 11, 'reduce_dim': PCA(n_components=199)}",-0.009784511159444655,-0.016187263199070323,-0.0178600953317743,-0.013037773516258186,-0.01140080606676609,-0.018215652262221865,-0.004973904489005077,-0.023155709390278695,-0.026705505600239956,-0.007785385090880057,-0.01491066061059392,0.006480462279067306,20,11.384124293986318,10.951150051135539,8.211521632669575,12.954179060897818,9.294079021018067,10.666023414241804,11.242049319413919,10.23966523164205,10.477597622067513,11.809945096650534,10.723033474372313,1.2475808397895054,20,4.203240949068422,4.092190222267284,4.366098464703914,4.564939999018058,4.552708444319237,4.067691163466825,4.705033493137379,4.169527049874531,3.919140240673622,4.159359291441425,4.27999293179707,0.24224880594355844,23,0.12865361048891708,0.10454780447090924,0.11382990888220679,0.08037588222420805,0.1264597005474909,0.10657706614195728,0.10089490606060855,0.10944249866837577,0.10302971380104108,0.14002979977477784,0.11138408910604927,0.016021887141541687,13,0.2269689936342445,0.22192563781201566,0.2394505134958168,0.1949942052490316,0.2358835943732515,0.21711944607027725,0.25652402755078424,0.21258530752963678,0.2521746028037164,0.2558470714084197,0.23134733999271945,0.019334042409144048,19,11.0,11.0,9.0,11.0,11.0,10.0,10.0,10.0,9.0,11.0,10.3,0.7810249675906655,7,SOM
10,2.793051338195801,0.03391208211032656,16.38934991359711,0.0968220359882154,"{'cluster_algo': SOM(dim=199, random_state=23), 'cluster_algo__m': 1, 'cluster_algo__n': 12, 'reduce_dim': PCA(n_components=199)}",-0.008173755929106826,-0.030860596766821985,-0.008267475061344415,-0.0030586414762214403,-0.010365098400007872,-0.009378260436309505,-0.0021646198205772338,-0.021695151525732294,-0.02196726141943808,-0.004287922736452748,-0.012021878357201239,0.009073789869831159,16,12.48314859844778,10.220343507569352,9.434288685192156,10.96495745144835,11.60796930980239,10.442207169218225,10.467733437969184,9.599796581125197,10.231332444231478,10.204866072845082,10.565664325784919,0.8672671871030508,21,4.761999456492803,4.415804660408646,3.977374792370363,4.331224376591776,4.796514233383534,4.702724026077825,4.2735000190869386,4.5406925752344,4.180498981487058,4.789364784490768,4.4769697905624115,0.2719999469422815,19,0.11056273302027163,0.05027874330188948,0.14726544441324724,0.07540968979383636,0.10462486333417959,0.09791905456235075,0.14166695641845897,0.09872139665364797,0.0956504504728966,0.10436274013481707,0.10264620721055957,0.026746771811087644,18,0.26616833657181493,0.3053300279596484,0.2449529775236612,0.2514028515401013,0.25933393605042604,0.24292821973041698,0.2586261302064447,0.19998773506689618,0.22241622262199406,0.2608182173777287,0.25119646546491325,0.026318472675805657,10,9.0,8.0,10.0,12.0,11.0,12.0,11.0,9.0,12.0,12.0,10.6,1.42828568570857,6,SOM
11,2.765709137916565,0.0358955860262171,16.48370780944824,0.08908261706579358,"{'cluster_algo': SOM(dim=199, random_state=23), 'cluster_algo__m': 1, 'cluster_algo__n': 13, 'reduce_dim': PCA(n_components=199)}",-0.005366038414259798,-0.009425368765504132,-0.010182928249837526,-0.04074374409540495,-0.025160090949416573,-0.015588707257225578,-0.03635763943828493,-0.016496259544137037,-0.031086963895428123,-0.00918942775055872,-0.019959716836005736,0.011909496610569125,23,12.759657356058069,11.852098857944693,9.490564152783648,9.389821267771415,13.949389172387942,9.981202212540977,11.632420196741533,9.299440274529163,10.28680589026374,12.068485287925231,11.07098846689464,1.5271593149520535,18,3.7132245105037978,3.957152502017726,4.000045378432567,3.9644625666499014,4.441479353685428,4.043634031780495,4.46380747166632,4.5527266135062,4.106965958109758,4.181843130246771,4.142534151659897,0.25379515864514096,24,0.1134963016331212,0.10567190869723514,0.10071894284047897,0.10485143589296617,0.10662154738093213,0.10303531275382567,0.09359690051460592,0.10450503686023331,0.10376392028293806,0.11238903807335632,0.10486503449296927,0.005326319766389867,17,0.24564150878438226,0.22684267780011214,0.24950550357992113,0.23060784669120832,0.22835650292711596,0.25924408695650863,0.2677436138624795,0.22396858410944817,0.2369186789151919,0.27113174487597674,0.2439960748502345,0.016538207702062567,16,10.0,10.0,12.0,13.0,12.0,9.0,12.0,13.0,13.0,12.0,11.6,1.3564659966250536,5,SOM
12,2.732688808441162,0.02822805976104466,16.265375328063964,0.10338507765978441,"{'cluster_algo': SOM(dim=199, random_state=23), 'cluster_algo__m': 2, 'cluster_algo__n': 2, 'reduce_dim': PCA(n_components=199)}",0.015652796547292597,-0.003552987889052356,0.024840647088046747,0.014265654296597858,0.020387903529460693,0.01293437102136246,0.019577049706860975,-0.0010968122124750527,0.0293994476971217,0.01498411667183101,0.01473921864570466,0.009808335504685638,3,22.884950858226276,23.406934702404186,18.621927851311963,22.866852197416907,25.260304704480603,10.94296909157609,22.935086078436786,20.935860327010506,19.214433354701278,24.02393207123651,21.10932512368011,3.9209995046816237,4,5.034937703116277,4.945912394329092,4.65975700660986,4.850635440265791,5.081302997670153,5.583205330718863,4.949452920241147,5.51131935327801,4.547311436066372,4.866586285012421,5.003042086730799,0.3123453080015885,2,0.1221504659228125,0.07918692402714289,0.1066510968176899,0.07722981500111181,0.10347717071716098,0.061947774461720354,0.12231456710252461,0.06126401481959596,0.06211006041335976,0.10315372651205187,0.08994856157951707,0.023195482518968812,20,0.17877589960181256,0.20968198775977304,0.22446556744970003,0.20332170304635777,0.20334689051188484,0.25991201171845746,0.23610849524341093,0.16019531267940673,0.21110231225767098,0.1930890333420523,0.20799992136105266,0.02678380815329539,22,4.0,4.0,4.0,4.0,4.0,4.0,4.0,4.0,4.0,4.0,4.0,0.0,21,SOM
13,2.7348282814025877,0.017826298183627826,16.158892512321472,0.080393897115126,"{'cluster_algo': SOM(dim=199, random_state=23), 'cluster_algo__m': 2, 'cluster_algo__n': 3, 'reduce_dim': PCA(n_components=199)}",0.01135505335495217,-0.004840944859761,0.008785659852052877,0.0145557415941732,0.001255707700032168,-0.007567588823816096,0.012016651867992549,0.0004944479633865794,-0.007716930324077819,0.011948213195322577,0.004028601152025721,0.008276071286106648,6,15.567266429902652,17.039418162383573,17.97104196712883,17.224212701445843,17.946190766363387,15.067192516322796,16.155515896920708,16.788829744063406,16.256861268233237,15.314061199810444,16.533059065257486,0.9823720054915531,6,5.434037554299311,5.0371029855027,5.256802555479992,5.34042053209848,4.714319904617713,4.539556974946601,4.9453834692383385,4.567373750395864,4.837644888901072,4.5025360596320185,4.91751786751121,0.32575524355180296,5,0.1624180744868621,0.09140334085285788,0.11637952505036371,0.07672940494733842,0.13608593985943188,0.1266660934825839,0.15921857793530095,0.07097335801667408,0.07086999337239004,0.15754106757600836,0.11682853755798113,0.035312780266208904,11,0.25032302648319904,0.19915566831954354,0.20456300207907724,0.22424841198083467,0.23032237346628104,0.2712292072768065,0.26657907494161426,0.24800096661462823,0.18266771541759652,0.2334986665034788,0.23105881130830594,0.027654854596289438,20,6.0,6.0,6.0,6.0,6.0,6.0,6.0,6.0,6.0,6.0,6.0,0.0,17,SOM
14,2.736217761039734,0.019835774721481833,16.22770938873291,0.08831475220628122,"{'cluster_algo': SOM(dim=199, random_state=23), 'cluster_algo__m': 2, 'cluster_algo__n': 4, 'reduce_dim': PCA(n_components=199)}",-0.017101558060152067,-0.008541491659364762,-0.00488766643302623,-0.0026606141979263987,-0.0075888502281666985,-0.006722313568922112,4.0529420100331486e-05,-0.011282130713636322,-0.02415418350226766,0.0008306011307544528,-0.008206767781260746,0.007328443813284332,13,12.773161902034406,14.31385343535035,11.510514575637377,13.947544076764023,15.04484372864903,14.16398383455447,13.516831875675393,12.967404721933239,12.221749591462771,13.210995876752614,13.367088361881367,1.000057456586528,10,5.541187940658185,4.56639850258416,5.3617010164019065,4.513219146482451,4.727872649236457,4.262959684938596,4.787815120295544,4.68555121160917,5.018710113303744,4.919834622308359,4.838525000781857,0.3682247761141142,9,0.14706942253935607,0.13149877188018397,0.12186657258051628,0.1284743139529839,0.14735873636965294,0.13894728101238915,0.11831839205535447,0.09252812765316425,0.13047226382666335,0.11911264493965744,0.12756465268099218,0.015308562889388614,8,0.2590092923811038,0.20836025047477044,0.2692002919206874,0.23637565905711858,0.30478243356736134,0.25570264924245617,0.32654037569428324,0.22316216095813332,0.2480590744302975,0.24266467551247706,0.25738568632386893,0.03390241063724246,4,8.0,8.0,8.0,8.0,8.0,8.0,8.0,8.0,8.0,8.0,8.0,0.0,13,SOM
15,2.785238170623779,0.01843822701120502,16.43631513118744,0.11387105904712125,"{'cluster_algo': SOM(dim=199, random_state=23), 'cluster_algo__m': 2, 'cluster_algo__n': 5, 'reduce_dim': PCA(n_components=199)}",-0.0019252336492028746,0.001328314345698739,-0.012515738379515095,-0.004199812210888269,-0.00429776874399491,-0.010805322270471596,0.00822725191947408,-0.026661942850248237,-0.004039560911737456,-0.002885763424642585,-0.0057775576175528205,0.008856464939802015,10,12.37695447215239,10.808844002100543,9.867568129944805,11.337664167947246,12.88935700577234,10.992017213127154,11.776796687620193,12.34395996018351,11.425783279745604,11.082656794122649,11.490160171271643,0.8422524541419958,17,4.8995372383473335,4.168805486868239,4.841503899517049,4.863257080588346,4.571528298843907,4.069839954208919,4.367454876850524,5.545831068258607,5.087751029005471,4.53285037736906,4.694835930985745,0.4226470448534228,13,0.13121518783498515,0.1152983792139076,0.16630844402016953,0.11589150320805713,0.11860444007410038,0.12332441598744041,0.14090938209561596,0.14033371974470743,0.13760781261072,0.13416748374225776,0.13236607685319615,0.014678055900628418,5,0.24684702793002902,0.22523018398157804,0.2747609204409951,0.24917480178790485,0.27199688940827327,0.26161589498979904,0.2591933348961219,0.20690984447383828,0.2291666416361519,0.25599360606453986,0.24808891456092313,0.02056883535907859,11,10.0,10.0,10.0,10.0,10.0,10.0,10.0,10.0,10.0,10.0,10.0,0.0,8,SOM
16,2.766711616516113,0.023524765321762717,16.48749918937683,0.05478692630247065,"{'cluster_algo': SOM(dim=199, random_state=23), 'cluster_algo__m': 2, 'cluster_algo__n': 6, 'reduce_dim': PCA(n_components=199)}",-0.006508768249183916,-0.04147882591834787,-0.018009293059783223,-0.021699033846756793,-0.02477119999777418,-0.05182305298158896,-0.0028901764055136417,-0.047944200436745105,-0.032057973661268085,-0.01691114084385881,-0.02640936654008206,0.015822244987173772,24,10.94417551399564,10.475558272564452,9.631149916353069,11.014959732870617,10.82137462661125,10.526860538873137,11.844566232186102,9.84355164083984,9.618470787802037,10.219340115053793,10.494000737714995,0.6645496995153026,23,3.9782037106980614,4.5729950017859435,4.697882061297479,4.428050895618336,3.9748767784109114,3.9756546084372655,4.0129127869304675,4.639695010904597,4.267093620901043,4.696770015044266,4.3244134490028365,0.3023329637447826,22,0.14693335611377248,0.08824962128869268,0.1683951052631905,0.11970667291179529,0.10553024678459548,0.12536951625698833,0.12677935283582367,0.12522392393349097,0.14314296532864015,0.15788515259841535,0.1307215913315405,0.022822084409547614,7,0.27275605627652044,0.2120523959518823,0.26015501593817314,0.2667890799553028,0.3329940465907479,0.22123527013396518,0.2976886066789614,0.20604066365708262,0.2385529729565333,0.23962397365855034,0.2547888081797719,0.03778130983715678,7,12.0,12.0,12.0,12.0,12.0,12.0,12.0,12.0,12.0,12.0,12.0,0.0,1,SOM
17,2.7277878284454347,0.02056670505011614,16.28605923652649,0.15721813631424486,"{'cluster_algo': SOM(dim=199, random_state=23), 'cluster_algo__m': 3, 'cluster_algo__n': 2, 'reduce_dim': PCA(n_components=199)}",0.009151250710004164,0.0012483645918347109,0.008493327928199328,-0.003634439898778235,-0.001181043766678717,0.010834009107654892,-0.0010572178726300505,-0.003512090116385217,-0.003867465435308846,0.009504524863354505,0.0025979220111266533,0.0058367283193336,7,16.394917432294868,15.361523838772655,15.91930174939143,16.190435643226518,17.15769761163974,14.139039226254635,17.471151061897146,16.59138336439393,15.793219469713533,18.219144998471783,16.323781439605625,1.0882493522297008,7,4.726227297705132,4.605758973799113,5.042838652901563,5.0407854701351535,4.858194223534428,4.4469068635745215,4.6484844361136455,5.2712516165942,4.94799842747114,4.787106654423352,4.8375552616252255,0.2326332781133033,10,0.12478865516676059,0.14265589601939388,0.15115050066959462,0.10756793555072584,0.18282687734152744,0.1316319172165235,0.13150065785835882,0.12403757917330077,0.10094284321392845,0.13408607748808868,0.13311889396982027,0.02175489592348268,4,0.2379279587125621,0.18335074415921165,0.24649774742241126,0.2295851972811098,0.22055434916719577,0.27029225220085323,0.30575480758995066,0.22002117836617213,0.18566824858473682,0.2654001670531097,0.23650526505373132,0.03585763275672153,18,6.0,6.0,6.0,6.0,6.0,6.0,6.0,6.0,6.0,6.0,6.0,0.0,17,SOM
18,2.742508363723755,0.023036359378215063,16.21328237056732,0.11085799161517884,"{'cluster_algo': SOM(dim=199, random_state=23), 'cluster_algo__m': 3, 'cluster_algo__n': 3, 'reduce_dim': PCA(n_components=199)}",0.0009883061332460548,-0.01581681626492293,-0.0070139072726240325,-0.002258577950338343,-0.02534938882289647,0.01747721750459399,-0.009465366432993035,-0.00993804226703482,-0.011066173021475077,-0.00613360638132534,-0.006857635477577001,0.01063793521185654,12,13.067661077477245,12.52377513613606,12.20322732776729,12.930129334174893,12.140275796304687,10.869527942392367,14.368656691224993,12.797935669917438,11.590181848890243,12.014247413291955,12.450561823757717,0.8946316033092108,13,5.325083315069718,4.17700176534473,4.424634820429687,4.970442605746724,4.593285650254311,5.01040409081338,4.783988447551266,5.241909866628105,4.877663836323197,5.729430959600865,4.913384535776198,0.43100387962265857,6,0.13383229107876854,0.09431393627680673,0.12215678352613717,0.1038517257758503,0.10190479709121902,0.16537900885047277,0.1544461195317799,0.14963667234530043,0.12712254823115562,0.11686754478226705,0.12695114274897573,0.02268356684158852,9,0.2490210291528658,0.2407464954463204,0.24593568374169375,0.2855344609460543,0.2944368020802134,0.2190147688917062,0.2555001332801999,0.27909876058943306,0.22693550431095924,0.29341580654664073,0.25896394449860866,0.02605932804477886,3,8.0,9.0,9.0,9.0,9.0,9.0,9.0,9.0,9.0,9.0,8.9,0.3,11,SOM
19,2.7707425355911255,0.023567411865338547,16.388762331008913,0.08916633225718454,"{'cluster_algo': SOM(dim=199, random_state=23), 'cluster_algo__m': 3, 'cluster_algo__n': 4, 'reduce_dim': PCA(n_components=199)}",-0.003779224241817958,-0.01910393903683322,-0.009236448756857257,-0.03407695762258374,-0.012507412344587167,-0.008397078794574955,-0.005980649287744034,-0.06169943130033133,-0.02116691669629162,-0.01903689575811594,-0.019498495383973722,0.016443408629947167,22,10.199246809110633,11.17679741312908,9.675225842521916,10.721728930231217,10.657621555932522,10.322745724470268,11.556283083103946,10.00971321052829,10.05760255759381,10.785377557127232,10.516234268374891,0.544501827611854,22,4.293757853102951,4.286051930471279,4.6952450055594355,4.5513969331964805,4.432509316849907,4.816734577804719,4.057949725949534,4.54970667869184,4.848465725920857,3.5729635245591616,4.4104781272106175,0.3650356382869595,20,0.12754012443274082,0.1648240572112001,0.17861640337299464,0.11247743359904375,0.11264827825884106,0.10945543338434045,0.12363137784294272,0.1045826846238707,0.14125801115786593,0.15861752442110233,0.13336513283049425,0.024762039540652064,3,0.24310008353191417,0.2978749523878769,0.30351208756530373,0.26160305444483495,0.2827112292297965,0.28749373436648035,0.3342979829077626,0.25380668072300616,0.236686280648468,0.3010229194255982,0.2802109005231042,0.02930503028812784,1,12.0,12.0,12.0,12.0,12.0,12.0,12.0,12.0,12.0,12.0,12.0,0.0,1,SOM
20,2.778669834136963,0.026318037400820712,16.327917599678038,0.10293204075805817,"{'cluster_algo': SOM(dim=199, random_state=23), 'cluster_algo__m': 4, 'cluster_algo__n': 2, 'reduce_dim': PCA(n_components=199)}",-0.007144909201637658,0.0031580010200502697,0.004954455573574726,-0.0029167781656853674,-0.013407138403233834,0.003696850919690802,0.0005475459217293113,0.0038712224647576496,-0.020594712380720404,-0.016597838543384976,-0.004443330079485948,0.008972066428860136,9,14.241713731723813,13.848020730537087,12.370657806963552,13.950139177739107,14.487935388906589,12.545620430744284,13.204745868990582,12.403269973763486,13.222339564328603,13.25718862204103,13.353163129573815,0.724333294958257,11,5.164498548553791,4.385822395316146,5.447326418214805,5.060741589629253,4.533019936052387,4.975609885941512,4.354181410464353,4.942574704738476,5.17130099309763,4.51209620387819,4.854717208588655,0.36103077297269903,8,0.1357152940766188,0.14991664537679694,0.12998209218066023,0.09747169242513605,0.15460848001261648,0.12216587582540656,0.10297167803813663,0.15402000701195898,0.12114091805946997,0.09537621002447721,0.12633688930312778,0.021459209081855755,10,0.24175708062106913,0.19127309376614438,0.2903118414851325,0.3143693948988298,0.25752743667407085,0.2829186885564047,0.2633778947078554,0.24706959254905453,0.20850793952228225,0.26127375629186317,0.25583867190727066,0.03481508908542057,6,8.0,8.0,8.0,8.0,8.0,8.0,8.0,8.0,8.0,8.0,8.0,0.0,13,SOM
21,2.7759939670562743,0.01752353769115284,16.423668885231017,0.0833479178590081,"{'cluster_algo': SOM(dim=199, random_state=23), 'cluster_algo__m': 4, 'cluster_algo__n': 3, 'reduce_dim': PCA(n_components=199)}",-0.004958711101796288,-0.023318296826294625,0.0033783334861504466,-0.015192738022290276,-0.006409242155494325,-0.010686532279465543,-0.0095103026285185,-0.016685221384510993,-0.02527599162120463,0.0003077504059876402,-0.01083509521274371,0.008942396850885109,15,10.327380884484581,11.216111217005238,9.895473788289168,11.021644995598509,9.943311229041013,9.444666994924305,11.130098373039244,10.103314096976217,10.373037487487483,10.295059035392299,10.375009810223805,0.5531805025553435,24,4.359995614480535,4.708402756901994,4.609059439317436,4.683754492262353,4.750504693716209,4.350197143381519,4.2393765316795164,4.462819734167662,4.45300639234767,4.609096092654759,4.522621289090965,0.1649806664439443,16,0.1639009629641438,0.12042796848002245,0.11715023017022444,0.1279779359395573,0.14779319118623416,0.14233619662653085,0.15371102991449748,0.07914600877130572,0.07648940789813527,0.18756564554175217,0.13164985774924037,0.03343230754248736,6,0.24149089684467062,0.30728326486875135,0.3231599857855433,0.24731359338813375,0.2638971245762753,0.2537957115175905,0.26882478393061077,0.1994581151569748,0.25363381152720527,0.26105297743640504,0.26199102650321604,0.03244579389151457,2,12.0,12.0,12.0,12.0,12.0,12.0,12.0,12.0,12.0,12.0,12.0,0.0,1,SOM
22,2.314616870880127,0.13603946481748616,9.448007559776306,0.02787043144119469,"{'cluster_algo': SOM(dim=199, random_state=23), 'cluster_algo__m': 5, 'cluster_algo__n': 2, 'reduce_dim': PCA(n_components=199)}",-0.013224139356206609,-0.01565180318341512,-0.010438551272130147,-0.01572266551639434,-0.018721996543111085,-0.003274205260865302,-0.009839786652541937,-0.023487452088379837,-0.025581615933814802,0.0010266177252489603,-0.013491559808161024,0.007880284937711379,19,12.110670920616503,11.477256038869836,11.942667480842097,11.937539911668642,13.439985061881556,11.179003371847038,12.867626581354404,11.116920689098725,11.115678166014602,10.711153297882888,11.789850152007629,0.8108277449224318,16,4.598891248133043,5.176850893849783,5.103197439534271,4.99735522327395,5.236543042917089,4.3240669908653695,4.469916629081076,4.481328987527096,4.921340277043257,4.937951722952912,4.824744245517784,0.3112167677124166,11,0.13707806122103047,0.1389370443979895,0.11389076622821921,0.15600470723196705,0.0985150994123806,0.14388364647690421,0.14455202850757642,0.08821674281162835,0.11425787236502795,0.24979629594984745,0.13851322646025713,0.04252245936180117,2,0.2580318415468746,0.2412651322536628,0.2975502022803862,0.22118072082726598,0.24573494534956797,0.3023570929493111,0.24359360903210436,0.22129821685180248,0.24205766190048353,0.24830454180364048,0.25213739647950995,0.026223923681233923,8,10.0,10.0,10.0,10.0,10.0,10.0,10.0,10.0,10.0,10.0,10.0,0.0,8,SOM
23,1.925342059135437,0.134056988806762,9.460716056823731,0.03032193750497169,"{'cluster_algo': SOM(dim=199, random_state=23), 'cluster_algo__m': 6, 'cluster_algo__n': 2, 'reduce_dim': PCA(n_components=199)}",-0.025155305442463357,-0.022706177281107905,-0.020974354332420883,-0.011685195061037983,-0.008370803345464849,-0.014258775824946316,-0.006570217952396807,-0.019977461816898922,-0.006428297048706668,0.010901979460944183,-0.012522460864449952,0.01016136251326465,18,10.93190020240116,10.960285915127344,9.74246490209826,11.094793449086733,11.800214314962572,9.370047537070137,12.427870114286598,10.07790528440708,10.755046285612265,11.068991776876784,10.822951978192894,0.8679894577530879,19,4.530384185184905,4.854961785109137,4.499312049947929,4.585490904261974,4.334759993581535,4.429712690625696,4.366223119036242,4.762253026755363,4.251902031785463,4.561400667496552,4.51764004537848,0.17758339924628908,17,0.19845262061264812,0.12230801650176922,0.18181109619727756,0.10359900033553883,0.12553598428199012,0.11645269781235551,0.12939072516353894,0.11448719620551066,0.13621004277027832,0.17424412234868128,0.14024915022295886,0.030848762815217198,1,0.28528896374068646,0.26049301675412867,0.24939506453343457,0.26586434079447985,0.2291250461004149,0.2493146236759409,0.2707002519077155,0.24464003639875206,0.24656342956112162,0.26417408958112526,0.25655588630478,0.015112375979785911,5,12.0,12.0,12.0,12.0,12.0,12.0,12.0,12.0,12.0,12.0,12.0,0.0,1,SOM
